<DATE>	<OPEN>	<HIGH>	<LOW>	<CLOSE>	<TICKVOL>	<VOL>	<SPREAD>
1971.01.01	0.53690	0.53880	0.53650	0.53870	20	0	50
1971.02.01	0.53860	0.53890	0.53790	0.53790	18	0	50
1971.03.01	0.53830	0.53900	0.53820	0.53870	23	0	50
1971.04.01	0.53880	0.53890	0.53670	0.53840	22	0	50
1971.05.01	0.53850	0.55860	0.53850	0.55140	20	0	50
1971.06.01	0.54780	0.55980	0.54780	0.55920	22	0	50
1971.07.01	0.55920	0.56510	0.55860	0.56510	21	0	50
1971.08.01	0.56490	0.57750	0.56490	0.57550	17	0	50
1971.09.01	0.57580	0.59070	0.57580	0.58960	21	0	50
1971.10.01	0.58890	0.59010	0.58580	0.58580	19	0	50
1971.11.01	0.58650	0.59120	0.58410	0.59040	20	0	50
1971.12.01	0.59210	0.60160	0.59210	0.59810	22	0	50
1972.01.01	0.59770	0.60980	0.59760	0.60920	21	0	50
1972.02.01	0.61070	0.61970	0.61070	0.61490	20	0	50
1972.03.01	0.61490	0.61960	0.59650	0.61740	23	0	50
1972.04.01	0.61750	0.61750	0.61200	0.61500	20	0	50
1972.05.01	0.61510	0.61630	0.61390	0.61570	72	0	50
1972.06.01	0.61550	0.62210	0.61280	0.62060	1652	0	50
1972.07.01	0.62080	0.62130	0.61550	0.61590	840	0	50
1972.08.01	0.61560	0.61570	0.61140	0.61320	773	0	50
1972.09.01	0.61290	0.61440	0.61040	0.61040	350	0	50
1972.10.01	0.60860	0.61170	0.60830	0.61010	1240	0	50
1972.11.01	0.61070	0.61290	0.60920	0.61290	420	0	50
1972.12.01	0.61330	0.61340	0.61020	0.61080	230	0	50
1973.01.01	0.61000	0.62030	0.60850	0.62000	752	0	50
1973.02.01	0.62070	0.69020	0.61890	0.68810	3698	0	50
1973.03.01	0.69870	0.71180	0.68820	0.68840	6512	0	50
1973.04.01	0.68480	0.69310	0.68400	0.68920	2101	0	50
1973.05.01	0.68910	0.72520	0.68550	0.72480	4152	0	50
1973.06.01	0.73100	0.80490	0.72990	0.80390	7551	0	50
1973.07.01	0.81460	0.86450	0.81260	0.84180	13871	0	50
1973.08.01	0.83510	0.83660	0.78810	0.79440	4543	0	50
1973.09.01	0.79780	0.81890	0.79660	0.81010	2679	0	50
1973.10.01	0.81080	0.81930	0.79870	0.79970	3981	0	50
1973.11.01	0.79770	0.79960	0.73340	0.74550	4770	0	50
1973.12.01	0.74460	0.74460	0.72280	0.72300	1440	0	50
1974.01.01	0.70810	0.71070	0.67740	0.70810	11732	0	50
1974.02.01	0.70640	0.73630	0.70640	0.73070	3208	0	50
1974.03.01	0.72900	0.78170	0.72900	0.77280	4881	0	50
1974.04.01	0.76830	0.79890	0.75750	0.79560	3992	0	50
1974.05.01	0.79600	0.81640	0.76570	0.77470	6712	0	50
1974.06.01	0.77780	0.78960	0.75690	0.76750	3650	0	50
1974.07.01	0.76320	0.77980	0.75580	0.75940	3162	0	50
1974.08.01	0.75950	0.76160	0.73420	0.73500	3252	0	50
1974.09.01	0.73590	0.73950	0.73110	0.73740	3660	0	50
1974.10.01	0.73900	0.76500	0.73880	0.75860	3072	0	50
1974.11.01	0.76200	0.80210	0.76190	0.79030	4659	0	50
1974.12.01	0.78310	0.81620	0.78210	0.81110	3121	0	50
1975.01.01	0.81020	0.84980	0.80910	0.83610	6682	0	50
1975.02.01	0.82990	0.85860	0.82160	0.85830	3659	0	50
1975.03.01	0.85900	0.85900	0.83080	0.83390	3761	0	50
1975.04.01	0.83690	0.83690	0.81530	0.82220	3432	0	50
1975.05.01	0.82220	0.84290	0.82070	0.83520	5221	0	50
1975.06.01	0.83640	0.83980	0.82880	0.82960	3411	0	50
1975.07.01	0.82640	0.82710	0.76130	0.76160	5672	0	50
1975.08.01	0.76170	0.76640	0.75440	0.75730	4171	0	50
1975.09.01	0.75760	0.75980	0.73210	0.73830	2741	0	50
1975.10.01	0.74940	0.76540	0.74300	0.76460	4652	0	50
1975.11.01	0.76550	0.76550	0.74490	0.74530	2668	0	50
1975.12.01	0.74780	0.75020	0.74110	0.74650	1172	0	50
1976.01.01	0.74680	0.75590	0.74660	0.75570	1451	0	50
1976.02.01	0.76150	0.77200	0.75900	0.76140	888	0	50
1976.03.01	0.75810	0.77330	0.75790	0.76990	2073	0	50
1976.04.01	0.77400	0.77420	0.76790	0.77120	1032	0	50
1976.05.01	0.77170	0.77230	0.75410	0.75440	1040	0	50
1976.06.01	0.75360	0.76190	0.75320	0.75940	1212	0	50
1976.07.01	0.75890	0.76930	0.75740	0.76920	1141	0	50
1976.08.01	0.77130	0.78020	0.76800	0.77350	1152	0	50
1976.09.01	0.77590	0.80350	0.77510	0.80350	1221	0	50
1976.10.01	0.79920	0.81630	0.79510	0.81500	1090	0	50
1976.11.01	0.81100	0.81490	0.80710	0.81340	790	0	50
1976.12.01	0.80990	0.83040	0.80990	0.82870	953	0	50
1977.01.01	0.83440	0.83570	0.80440	0.81230	1601	0	50
1977.02.01	0.80930	0.81910	0.80730	0.81900	1209	0	50
1977.03.01	0.81760	0.82010	0.81520	0.81810	473	0	50
1977.04.01	0.81750	0.83090	0.81750	0.83030	751	0	50
1977.05.01	0.83040	0.83390	0.82420	0.82890	1161	0	50
1977.06.01	0.82960	0.83630	0.82800	0.83560	802	0	50
1977.07.01	0.83550	0.87080	0.83550	0.85420	2059	0	50
1977.08.01	0.85070	0.85360	0.83590	0.84390	1413	0	50
1977.09.01	0.84380	0.84690	0.83900	0.84360	2101	0	50
1977.10.01	0.85370	0.86910	0.84950	0.86910	1160	0	50
1977.11.01	0.87310	0.88340	0.86480	0.87960	2799	0	50
1977.12.01	0.88390	0.93280	0.88370	0.93240	2711	0	50
1978.01.01	0.93570	0.94780	0.90800	0.92600	3171	0	50
1978.02.01	0.92460	0.97040	0.92440	0.97040	5270	0	50
1978.03.01	0.96830	0.97900	0.94910	0.97880	3053	0	50
1978.04.01	0.97420	0.97460	0.93900	0.94310	5270	0	50
1978.05.01	0.94450	0.94540	0.91650	0.93250	3133	0	50
1978.06.01	0.93550	0.94410	0.93350	0.94390	1332	0	50
1978.07.01	0.94690	0.95990	0.94470	0.95970	1741	0	50
1978.08.01	0.95830	1.00530	0.95750	0.98340	2783	0	50
1978.09.01	0.98870	1.01100	0.97510	1.00830	2471	0	50
1978.10.01	1.01100	1.13470	1.00910	1.11490	4962	0	50
1978.11.01	1.05170	1.05230	1.00210	1.01410	5982	0	50
1978.12.01	1.01130	1.07450	1.01130	1.07440	4090	0	50
1979.01.01	1.07470	1.07590	1.04320	1.04360	2142	0	50
1979.02.01	1.03870	1.06380	1.03680	1.05580	1830	0	50
1979.03.01	1.05440	1.05670	1.04700	1.04700	672	0	50
1979.04.01	1.03820	1.03940	1.02630	1.03010	1081	0	50
1979.05.01	1.03180	1.03260	1.01830	1.02450	1973	0	50
1979.06.01	1.01980	1.06490	1.01980	1.06460	2181	0	50
1979.07.01	1.06170	1.08360	1.06170	1.06680	2682	0	50
1979.08.01	1.06920	1.07330	1.06670	1.07190	923	0	50
1979.09.01	1.07280	1.12720	1.07250	1.12310	4560	0	50
1979.10.01	1.12540	1.12590	1.07920	1.08460	6543	0	50
1979.11.01	1.08810	1.13230	1.08640	1.13110	3361	0	50
1979.12.01	1.14460	1.14500	1.11500	1.13380	6470	0	50
1980.01.01	1.14370	1.14570	1.12140	1.12210	5922	0	50
1980.02.01	1.12140	1.12850	1.10070	1.10080	2000	0	50
1980.03.01	1.09670	1.09670	0.99950	1.00100	2821	0	50
1980.04.01	0.99430	1.08970	0.98950	1.08630	8852	0	50
1980.05.01	1.08520	1.10980	1.07230	1.10060	2201	0	50
1980.06.01	1.09670	1.11590	1.09650	1.10880	5291	0	50
1980.07.01	1.11130	1.12790	1.09440	1.09610	7002	0	50
1980.08.01	1.09160	1.10580	1.08170	1.09210	9151	0	50
1980.09.01	1.09940	1.10150	1.07830	1.07870	4761	0	50
1980.10.01	1.08170	1.08710	1.02500	1.02560	6213	0	50
1980.11.01	1.02260	1.03550	0.99870	1.01520	8177	0	50
1980.12.01	1.00790	1.00870	0.96730	0.99060	9492	0	50
1981.01.01	0.99050	1.01070	0.91740	0.91740	12581	0	50
1981.02.01	0.92060	0.94030	0.87990	0.91790	17219	0	50
1981.03.01	0.90680	0.95740	0.90490	0.92680	16542	0	50
1981.04.01	0.93300	0.93360	0.88360	0.88430	10112	0	50
1981.05.01	0.88730	0.88790	0.83350	0.83910	5770	0	50
1981.06.01	0.83470	0.83780	0.80850	0.81680	10102	0	50
1981.07.01	0.81110	0.81450	0.78860	0.79020	9983	0	50
1981.08.01	0.77280	0.80040	0.75980	0.79690	8041	0	50
1981.09.01	0.79710	0.87680	0.79650	0.84140	14511	0	50
1981.10.01	0.84240	0.89580	0.84200	0.87460	11982	0	50
1981.11.01	0.87770	0.88800	0.86570	0.88550	6861	0	50
1981.12.01	0.87920	0.88250	0.85340	0.87390	7672	0	50
1982.01.01	0.87360	0.87480	0.83670	0.84320	7750	0	50
1982.02.01	0.83200	0.83520	0.81520	0.81810	4759	0	50
1982.03.01	0.81880	0.83470	0.80880	0.80990	6653	0	50
1982.04.01	0.81410	0.83910	0.80640	0.83880	2652	0	50
1982.05.01	0.83630	0.85730	0.83280	0.83310	10290	0	50
1982.06.01	0.82280	0.82830	0.78430	0.79400	7582	0	50
1982.07.01	0.79410	0.82000	0.77780	0.79390	9581	0	50
1982.08.01	0.80220	0.80860	0.77500	0.78420	12532	0	50
1982.09.01	0.78650	0.79300	0.76890	0.77290	6792	0	50
1982.10.01	0.77490	0.78590	0.76350	0.76360	6671	0	50
1982.11.01	0.76700	0.79430	0.75340	0.79360	5292	0	50
1982.12.01	0.79290	0.82560	0.78910	0.82330	7203	0	50
1983.01.01	0.82490	0.83890	0.78970	0.79210	10881	0	50
1983.02.01	0.79200	0.81920	0.78420	0.80210	10500	0	50
1983.03.01	0.80050	0.82430	0.80050	0.80500	7613	0	50
1983.04.01	0.80570	0.81170	0.79280	0.79320	6741	0	50
1983.05.01	0.79440	0.80360	0.77080	0.77330	4391	0	50
1983.06.01	0.76670	0.77650	0.76030	0.76930	5592	0	50
1983.07.01	0.76960	0.76960	0.73830	0.73830	3960	0	50
1983.08.01	0.73050	0.74550	0.71530	0.72640	8743	0	50
1983.09.01	0.72510	0.74350	0.72490	0.74340	5222	0	50
1983.10.01	0.74600	0.76210	0.73980	0.74220	8120	0	50
1983.11.01	0.73740	0.73960	0.72000	0.72500	4390	0	50
1983.12.01	0.72400	0.72460	0.70440	0.71740	5091	0	50
1984.01.01	0.70970	0.71220	0.68870	0.69480	5281	0	50
1984.02.01	0.69950	0.75290	0.69770	0.75200	6820	0	50
1984.03.01	0.74990	0.77010	0.73650	0.75440	12622	0	50
1984.04.01	0.75380	0.75670	0.71860	0.71890	5221	0	50
1984.05.01	0.71690	0.72450	0.70310	0.71570	6703	0	50
1984.06.01	0.72670	0.73360	0.69650	0.70310	8201	0	50
1984.07.01	0.70000	0.70060	0.67290	0.67370	6862	0	50
1984.08.01	0.67050	0.68460	0.67020	0.67710	7453	0	50
1984.09.01	0.67320	0.67320	0.61740	0.64010	14830	0	50
1984.10.01	0.63770	0.65000	0.62230	0.64550	7973	0	50
1984.11.01	0.65180	0.66980	0.62900	0.62960	8632	0	50
1984.12.01	0.62930	0.63930	0.61980	0.61980	6800	0	50
1985.01.01	0.61630	0.62280	0.61250	0.61840	4882	0	50
1985.02.01	0.61520	0.61570	0.56330	0.58590	7470	0	50
1985.03.01	0.58310	0.63430	0.56980	0.63420	14781	0	50
1985.04.01	0.62910	0.65700	0.61120	0.63200	18882	0	50
1985.05.01	0.62480	0.64570	0.60230	0.63740	16312	0	50
1985.06.01	0.64270	0.65050	0.63040	0.64360	9030	0	50
1985.07.01	0.64370	0.70080	0.64040	0.69940	11883	0	50
1985.08.01	0.69590	0.71290	0.68490	0.69750	8572	0	50
1985.09.01	0.69200	0.73600	0.65970	0.73080	17041	0	50
1985.10.01	0.73500	0.74760	0.72860	0.74680	9673	0	50
1985.11.01	0.75070	0.77840	0.74410	0.77840	7391	0	50
1985.12.01	0.77770	0.79900	0.76580	0.79900	6731	0	50
1986.01.01	0.80130	0.82220	0.78940	0.81890	11312	0	50
1986.02.01	0.81560	0.88630	0.80900	0.87820	12380	0	50
1986.03.01	0.88050	0.88850	0.83170	0.83330	15041	0	50
1986.04.01	0.83580	0.90340	0.81370	0.90030	17662	0	50
1986.05.01	0.89200	0.90310	0.84120	0.84260	20871	0	50
1986.06.01	0.84080	0.89060	0.83910	0.88900	13241	0	50
1986.07.01	0.89700	0.93520	0.89290	0.93440	12903	0	50
1986.08.01	0.93800	0.96070	0.93320	0.95850	10891	0	50
1986.09.01	0.96310	0.98270	0.93490	0.96540	14051	0	50
1986.10.01	0.96640	0.99260	0.94510	0.94760	11442	0	50
1986.11.01	0.94740	0.99110	0.94420	0.99070	7658	0	50
1986.12.01	0.99620	1.01670	0.96540	1.01430	9962	0	50
1987.01.01	1.01970	1.10020	1.01240	1.06760	14521	0	50
1987.02.01	1.08010	1.09220	1.05240	1.07000	15319	0	50
1987.03.01	1.06850	1.08520	1.04510	1.08370	8642	0	50
1987.04.01	1.07420	1.10080	1.06320	1.08910	11292	0	50
1987.05.01	1.09530	1.10620	1.07200	1.07280	7230	0	50
1987.06.01	1.06590	1.09350	1.06250	1.07030	8832	0	50
1987.07.01	1.07030	1.07290	1.04830	1.05260	9003	0	50
1987.08.01	1.04980	1.08050	1.03050	1.08000	11841	0	50
1987.09.01	1.07890	1.09100	1.06150	1.06210	6131	0	50
1987.10.01	1.06000	1.13180	1.05910	1.13000	8422	0	50
1987.11.01	1.14010	1.19710	1.13590	1.19290	24540	0	50
1987.12.01	1.18520	1.24530	1.17000	1.24420	15532	0	50
1988.01.01	1.23540	1.23680	1.15910	1.16510	9150	0	50
1988.02.01	1.15550	1.16270	1.13970	1.15840	8991	0	50
1988.03.01	1.16000	1.18100	1.15260	1.18080	10283	0	50
1988.04.01	1.18070	1.18240	1.15480	1.16930	8511	0	50
1988.05.01	1.16600	1.16780	1.13090	1.13210	6181	0	50
1988.06.01	1.13410	1.14140	1.06900	1.07620	10642	0	50
1988.07.01	1.07380	1.07760	1.03550	1.04410	11170	0	50
1988.08.01	1.04250	1.05320	1.01860	1.04120	11783	0	50
1988.09.01	1.04270	1.06120	1.03540	1.04310	9241	0	50
1988.10.01	1.04990	1.10530	1.04790	1.09990	9561	0	50
1988.11.01	1.09450	1.14010	1.08990	1.12590	13461	0	50
1988.12.01	1.12930	1.13560	1.09040	1.10260	13181	0	50
1989.01.01	1.10930	1.11070	1.04110	1.04420	15731	0	50
1989.02.01	1.04790	1.07960	1.03760	1.07230	9880	0	50
1989.03.01	1.06400	1.06470	1.03080	1.03230	11873	0	50
1989.04.01	1.03790	1.05930	1.03560	1.04040	10230	0	50
1989.05.01	1.03640	1.04040	0.97190	0.98790	15032	0	50
1989.06.01	0.98660	1.00870	0.95930	1.00170	20932	0	50
1989.07.01	1.00810	1.05350	1.00620	1.04830	35221	0	50
1989.08.01	1.04860	1.06080	0.99270	0.99490	35633	0	50
1989.09.01	0.99510	1.04960	0.97640	1.04460	33081	0	50
1989.10.01	1.04260	1.07060	1.01780	1.06220	36792	0	50
1989.11.01	1.06260	1.10440	1.04190	1.09980	28372	0	50
1989.12.01	1.09910	1.16700	1.09250	1.15770	32720	0	50
1990.01.01	1.16240	1.17460	1.12770	1.15750	50872	0	50
1990.02.01	1.15810	1.18630	1.14580	1.14700	28740	0	50
1990.03.01	1.14660	1.16560	1.13470	1.15180	29092	0	50
1990.04.01	1.15140	1.17260	1.14600	1.16510	21890	0	50
1990.05.01	1.16500	1.20250	1.15120	1.15340	30032	0	50
1990.06.01	1.15330	1.17910	1.14760	1.17790	25831	0	50
1990.07.01	1.17890	1.23370	1.17650	1.23210	30022	0	50
1990.08.01	1.23150	1.26950	1.20580	1.24070	49243	0	50
1990.09.01	1.24000	1.26620	1.22520	1.24910	37170	0	50
1990.10.01	1.25190	1.31140	1.25190	1.28850	41973	0	50
1990.11.01	1.28840	1.33390	1.28080	1.30740	36702	0	50
1990.12.01	1.30960	1.33690	1.26410	1.31140	39020	0	50
1991.01.01	1.31010	1.32610	1.24860	1.32380	54682	0	50
1991.02.01	1.32390	1.35500	1.27940	1.28290	36760	0	50
1991.03.01	1.28220	1.28330	1.13600	1.14770	52030	0	50
1991.04.01	1.15130	1.18170	1.09720	1.14610	56802	0	50
1991.05.01	1.14590	1.16210	1.11100	1.12250	48223	0	50
1991.06.01	1.12230	1.12560	1.07320	1.07960	34520	0	50
1991.07.01	1.08120	1.12990	1.06120	1.12230	38713	0	50
1991.08.01	1.12240	1.15080	1.06630	1.11820	49472	0	50
1991.09.01	1.11990	1.17960	1.11860	1.17090	33051	0	50
1991.10.01	1.17100	1.17930	1.13560	1.17240	33733	0	50
1991.11.01	1.17200	1.23900	1.17010	1.20340	39931	0	50
1991.12.01	1.21000	1.30150	1.20900	1.28700	36260	0	50
1992.01.01	1.28410	1.30060	1.19660	1.21260	65632	0	50
1992.02.01	1.21610	1.25640	1.17400	1.18940	44290	0	50
1992.03.01	1.18950	1.19860	1.16150	1.19030	36502	0	50
1992.04.01	1.19000	1.21200	1.16630	1.18720	34662	0	50
1992.05.01	1.18720	1.23190	1.18160	1.21660	35911	0	50
1992.06.01	1.21720	1.29180	1.20670	1.28360	39442	0	50
1992.07.01	1.28370	1.35090	1.27750	1.32470	61013	0	50
1992.08.01	1.32630	1.40130	1.31470	1.39530	43061	0	50
1992.09.01	1.39600	1.41020	1.27830	1.38650	84182	0	50
1992.10.01	1.38630	1.40720	1.26050	1.26800	73632	0	50
1992.11.01	1.26860	1.26980	1.20990	1.23160	50861	0	50
1992.12.01	1.23100	1.26600	1.20450	1.20690	40053	0	50
1993.01.01	1.20280	1.24790	1.18580	1.21250	36640	0	50
1993.02.01	1.21300	1.21550	1.17370	1.18220	43630	0	50
1993.03.01	1.18260	1.21800	1.16900	1.21620	37383	0	50
1993.04.01	1.21610	1.24940	1.20740	1.23430	43642	0	50
1993.05.01	1.23340	1.24660	1.19070	1.23020	32941	0	50
1993.06.01	1.23210	1.23750	1.13860	1.14500	39902	0	50
1993.07.01	1.14530	1.16220	1.12030	1.12270	33282	0	50
1993.08.01	1.12240	1.17750	1.11920	1.16580	36162	0	50
1993.09.01	1.16540	1.23150	1.16490	1.19670	48882	0	50
1993.10.01	1.19680	1.22940	1.15690	1.15940	35771	0	50
1993.11.01	1.15970	1.16340	1.13760	1.14080	30972	0	50
1993.12.01	1.14020	1.15670	1.12390	1.12520	23693	0	50
1994.01.01	1.12480	1.13680	1.11350	1.12900	22831	0	50
1994.02.01	1.12870	1.15070	1.10690	1.14730	29540	0	50
1994.03.01	1.14710	1.17830	1.13380	1.16790	32883	0	50
1994.04.01	1.16770	1.18940	1.13550	1.18250	27371	0	50
1994.05.01	1.18210	1.19810	1.16340	1.18810	31792	0	50
1994.06.01	1.18790	1.24360	1.16750	1.23250	33272	0	50
1994.07.01	1.23240	1.28940	1.21840	1.24360	44731	0	50
1994.08.01	1.24450	1.28130	1.22780	1.23690	39143	0	50
1994.09.01	1.23670	1.27690	1.23540	1.26120	34002	0	50
1994.10.01	1.26080	1.31610	1.25310	1.30170	32741	0	50
1994.11.01	1.30150	1.31170	1.24340	1.24680	30562	0	50
1994.12.01	1.24670	1.26920	1.23510	1.26220	24292	0	50
1995.01.01	1.26260	1.30280	1.24960	1.28340	34282	0	50
1995.02.01	1.28250	1.34600	1.27180	1.34010	31620	0	50
1995.03.01	1.33970	1.45350	1.33190	1.42890	86453	0	50
1995.04.01	1.42890	1.45200	1.37880	1.40860	67020	0	50
1995.05.01	1.40870	1.43580	1.33800	1.38140	63233	0	50
1995.06.01	1.38220	1.42040	1.36090	1.41520	54472	0	50
1995.07.01	1.41500	1.42490	1.38360	1.41020	35441	0	50
1995.08.01	1.41030	1.42470	1.30720	1.33250	53263	0	50
1995.09.01	1.33280	1.38860	1.30000	1.36960	50841	0	50
1995.10.01	1.36870	1.41600	1.35480	1.38750	48032	0	50
1995.11.01	1.38760	1.39930	1.34850	1.35290	39582	0	50
1995.12.01	1.35260	1.37030	1.34520	1.36030	34161	0	50
1996.01.01	1.36170	1.36690	1.30880	1.31510	35372	0	50
1996.02.01	1.31420	1.35660	1.30840	1.32800	33131	0	50
1996.03.01	1.32780	1.33390	1.31080	1.32240	27811	0	50
1996.04.01	1.32260	1.32690	1.27370	1.27690	27162	0	50
1996.05.01	1.27680	1.29200	1.26170	1.28390	24223	0	50
1996.06.01	1.28390	1.29490	1.26570	1.28090	26490	0	50
1996.07.01	1.28090	1.33530	1.25960	1.32890	36393	0	50
1996.08.01	1.32880	1.33050	1.30720	1.31890	24042	0	50
1996.09.01	1.31890	1.32270	1.27910	1.28370	25931	0	50
1996.10.01	1.28370	1.29930	1.26580	1.28870	24663	0	50
1996.11.01	1.28860	1.31380	1.27030	1.27040	32631	0	50
1996.12.01	1.27170	1.28270	1.24240	1.26870	37112	0	50
1997.01.01	1.26730	1.27150	1.18050	1.19480	43872	0	50
1997.02.01	1.19240	1.19510	1.14560	1.15720	32560	0	50
1997.03.01	1.15500	1.17680	1.13640	1.16820	30241	0	50
1997.04.01	1.16820	1.17620	1.12440	1.13040	28772	0	50
1997.05.01	1.13020	1.17280	1.12730	1.14540	38412	0	50
1997.06.01	1.14560	1.14890	1.11990	1.12130	27871	0	50
1997.07.01	1.12100	1.12440	1.05770	1.06380	34293	0	50
1997.08.01	1.06340	1.09470	1.03440	1.08190	41191	0	50
1997.09.01	1.07880	1.11930	1.06310	1.11130	38632	0	50
1997.10.01	1.11130	1.14400	1.09130	1.13340	39853	0	50
1997.11.01	1.13400	1.15370	1.10570	1.10910	31150	0	50
1997.12.01	1.10970	1.11250	1.08670	1.08740	27163	0	50
1998.01.01	1.08800	1.11580	1.06080	1.06860	3695	0	50
1998.02.01	1.06720	1.09620	1.06460	1.07670	3012	0	50
1998.03.01	1.07780	1.09620	1.07210	1.07690	3361	0	50
1998.04.01	1.07550	1.11010	1.07000	1.10250	3105	0	50
1998.05.01	1.10100	1.12160	1.09910	1.10340	3110	0	50
1998.06.01	1.10100	1.11880	1.08600	1.09830	3098	0	50
1998.07.01	1.09590	1.11780	1.07900	1.11000	3063	0	50
1998.08.01	1.10800	1.13060	1.08760	1.13060	3360	0	50
1998.09.01	1.12900	1.18400	1.11920	1.18010	4879	0	50
1998.10.01	1.17770	1.24010	1.17700	1.19020	5466	0	50
1998.11.01	1.19050	1.19430	1.14550	1.16000	3795	0	50
1998.12.01	1.15950	1.19670	1.15650	1.17240	3879	0	50
1999.01.01	1.18010	1.18620	1.13420	1.13670	113170	0	50
1999.02.01	1.13830	1.13970	1.09260	1.10250	100263	0	50
1999.03.01	1.09820	1.10700	1.06800	1.07690	117961	0	50
1999.04.01	1.07670	1.08840	1.05470	1.05750	107056	0	50
1999.05.01	1.05860	1.08330	1.03970	1.04220	120523	0	50
1999.06.01	1.04180	1.05590	1.02600	1.03620	139192	0	50
1999.07.01	1.03600	1.07460	1.01070	1.07140	132339	0	50
1999.08.01	1.06990	1.08270	1.03980	1.05620	133643	0	50
1999.09.01	1.05650	1.07290	1.02860	1.06790	142426	0	50
1999.10.01	1.06790	1.09150	1.04310	1.05270	141828	0	50
1999.11.01	1.05510	1.05940	1.00370	1.00850	150615	0	50
1999.12.01	1.00850	1.02970	0.99910	1.00620	131459	0	50
2000.01.01	1.00730	1.04150	0.96670	0.97110	138774	0	50
2000.02.01	0.97110	1.00890	0.94010	0.96350	138564	0	50
2000.03.01	0.96350	0.97930	0.94780	0.95520	158741	0	50
2000.04.01	0.95620	0.97490	0.90300	0.91170	130989	0	50
2000.05.01	0.91200	0.94120	0.88440	0.93700	149286	0	50
2000.06.01	0.93700	0.97000	0.92840	0.95230	136674	0	50
2000.07.01	0.95240	0.95990	0.91920	0.92660	127362	0	50
2000.08.01	0.92670	0.92930	0.88410	0.88860	134407	0	50
2000.09.01	0.88860	0.90400	0.84390	0.88420	143933	0	50
2000.10.01	0.88410	0.88580	0.82270	0.84840	145693	0	50
2000.11.01	0.84880	0.87960	0.83720	0.87240	162542	0	50
2000.12.01	0.87270	0.94300	0.87010	0.94240	162803	0	50
2001.01.01	0.94210	0.95960	0.91150	0.93770	179557	0	50
2001.02.01	0.93760	0.94450	0.90140	0.92350	157489	0	50
2001.03.01	0.92340	0.93820	0.87490	0.87550	188089	0	50
2001.04.01	0.87430	0.90930	0.87060	0.88920	180298	0	50
2001.05.01	0.88930	0.90090	0.84390	0.84460	189810	0	50
2001.06.01	0.84550	0.86740	0.84100	0.84970	166377	0	50
2001.07.01	0.85030	0.88250	0.83460	0.87630	196467	0	50
2001.08.01	0.87620	0.92410	0.87370	0.91250	207174	0	50
2001.09.01	0.90940	0.93350	0.88240	0.91140	188323	0	50
2001.10.01	0.91030	0.92460	0.88670	0.90020	202803	0	50
2001.11.01	0.90030	0.91210	0.87350	0.89560	193005	0	50
2001.12.01	0.89560	0.90830	0.87410	0.88960	189753	0	50
2002.01.01	0.88970	0.90690	0.85700	0.85920	208695	0	50
2002.02.01	0.85930	0.88030	0.85620	0.86950	170387	0	50
2002.03.01	0.86930	0.88700	0.86290	0.87190	181302	0	50
2002.04.01	0.87160	0.90490	0.87140	0.90050	184477	0	50
2002.05.01	0.90050	0.94160	0.89900	0.93370	203833	0	50
2002.06.01	0.93300	0.99920	0.93020	0.99110	187740	0	50
2002.07.01	0.99140	1.02100	0.97140	0.97740	228134	0	50
2002.08.01	0.97720	0.99190	0.96210	0.98150	205862	0	50
2002.09.01	0.98240	0.99930	0.96080	0.98650	199411	0	50
2002.10.01	0.98660	0.99310	0.96870	0.99060	204564	0	50
2002.11.01	0.99040	1.01730	0.98770	0.99380	191521	0	50
2002.12.01	0.99280	1.05070	0.98600	1.04890	193056	0	50
2003.01.01	1.04920	1.09100	1.03350	1.07710	218607	0	50
2003.02.01	1.07890	1.09380	1.06640	1.08060	197440	0	50
2003.03.01	1.07790	1.10870	1.05020	1.09220	213165	0	50
2003.04.01	1.09160	1.11910	1.05590	1.11830	211561	0	50
2003.05.01	1.11820	1.19310	1.11540	1.17850	249588	0	50
2003.06.01	1.17200	1.19320	1.13990	1.15240	227029	0	50
2003.07.01	1.15230	1.16130	1.11120	1.12330	248743	0	50
2003.08.01	1.12340	1.14300	1.07880	1.09850	211864	0	50
2003.09.01	1.09900	1.17390	1.07620	1.16580	226623	0	50
2003.10.01	1.16530	1.18650	1.15310	1.15860	242812	0	50
2003.11.01	1.15820	1.20190	1.13760	1.19980	202971	0	50
2003.12.01	1.19880	1.26490	1.19350	1.25880	229361	0	50
2004.01.01	1.25920	1.29010	1.23330	1.24670	239514	0	40
2004.02.01	1.24810	1.29300	1.23710	1.24950	225344	0	40
2004.03.01	1.24810	1.25440	1.20460	1.23160	242768	0	40
2004.04.01	1.23140	1.23910	1.17590	1.19860	231436	0	40
2004.05.01	1.19960	1.23000	1.17700	1.21920	264638	0	40
2004.06.01	1.21970	1.23560	1.19530	1.21860	269963	0	40
2004.07.01	1.21880	1.24640	1.19900	1.20190	252811	0	40
2004.08.01	1.20690	1.23910	1.19680	1.21820	236950	0	40
2004.09.01	1.21810	1.24460	1.20260	1.24280	199713	0	40
2004.10.01	1.24290	1.28440	1.22240	1.27870	191750	0	40
2004.11.01	1.28180	1.33360	1.26550	1.32890	201135	0	40
2004.12.01	1.32890	1.36700	1.31390	1.35620	208582	0	40
2005.01.01	1.35620	1.35810	1.29220	1.30450	197511	0	30
2005.02.01	1.30460	1.32800	1.27320	1.32150	183667	0	30
2005.03.01	1.32160	1.34830	1.28560	1.29650	210865	0	30
2005.04.01	1.29620	1.31270	1.27670	1.28740	218319	0	30
2005.05.01	1.28620	1.29930	1.22940	1.23080	253833	0	30
2005.06.01	1.23080	1.23560	1.19820	1.20940	282482	0	30
2005.07.01	1.20910	1.22590	1.18650	1.21230	265591	0	30
2005.08.01	1.21230	1.24890	1.21170	1.23420	283337	0	30
2005.09.01	1.23410	1.25910	1.19780	1.20640	262830	0	30
2005.10.01	1.20200	1.22090	1.18750	1.19840	217430	0	30
2005.11.01	1.19830	1.20850	1.16380	1.17900	209022	0	30
2005.12.01	1.17900	1.20640	1.16600	1.18390	197771	0	30
2006.01.01	1.18490	1.23240	1.18010	1.21480	207398	0	20
2006.02.01	1.21410	1.21670	1.18250	1.19310	179385	0	20
2006.03.01	1.19290	1.22090	1.18590	1.21160	224066	0	20
2006.04.01	1.21190	1.26430	1.20310	1.26350	198788	0	20
2006.05.01	1.26290	1.29730	1.25550	1.28170	232791	0	20
2006.06.01	1.28170	1.29810	1.24780	1.27900	216773	0	20
2006.07.01	1.27880	1.28640	1.24570	1.27670	201899	0	20
2006.08.01	1.27690	1.29420	1.26940	1.28060	218478	0	20
2006.09.01	1.28090	1.28770	1.26290	1.26730	206868	0	20
2006.10.01	1.26830	1.27820	1.24830	1.27650	148672	0	20
2006.11.01	1.27640	1.32730	1.26810	1.32380	161557	0	20
2006.12.01	1.32380	1.33640	1.30510	1.31980	177552	0	20
2007.01.01	1.31890	1.32960	1.28650	1.30210	179496	0	20
2007.02.01	1.30220	1.32580	1.29110	1.32230	120526	0	20
2007.03.01	1.32250	1.34100	1.30700	1.33540	148549	0	20
2007.04.01	1.33720	1.36810	1.33180	1.36420	113319	0	20
2007.05.01	1.36410	1.36710	1.34060	1.34510	113386	0	20
2007.06.01	1.34510	1.35530	1.32620	1.35400	101621	0	20
2007.07.01	1.35420	1.38510	1.35270	1.36770	134104	0	20
2007.08.01	1.36790	1.38380	1.33600	1.36280	185935	0	20
2007.09.01	1.36280	1.42780	1.35500	1.42660	137237	0	20
2007.10.01	1.42800	1.45030	1.40140	1.44710	169463	0	20
2007.11.01	1.44720	1.49660	1.44030	1.46380	218143	0	20
2007.12.01	1.46480	1.47690	1.43090	1.46010	157765	0	20
2008.01.01	1.46520	1.49210	1.43650	1.48470	261310	0	20
2008.02.01	1.48500	1.52380	1.44380	1.51780	239877	0	20
2008.03.01	1.52120	1.59020	1.51450	1.57610	315189	0	20
2008.04.01	1.57640	1.60180	1.55100	1.56190	317506	0	20
2008.05.01	1.56190	1.58180	1.52840	1.55540	262880	0	20
2008.06.01	1.55610	1.58430	1.53020	1.57530	268794	0	20
2008.07.01	1.57530	1.60380	1.55210	1.55970	282943	0	20
2008.08.01	1.55970	1.56310	1.45710	1.46780	278707	0	20
2008.09.01	1.47090	1.48670	1.38810	1.41150	507845	0	20
2008.10.01	1.41150	1.41740	1.23300	1.27270	765461	0	20
2008.11.01	1.27660	1.31140	1.23890	1.26900	616113	0	20
2008.12.01	1.26940	1.47190	1.25520	1.39360	379076	0	20
2009.01.01	1.38680	1.39860	1.27630	1.28120	1227039	0	20
2009.02.01	1.27520	1.30930	1.25120	1.26660	1063605	0	20
2009.03.01	1.26170	1.37370	1.24560	1.32426	680459	0	20
2009.04.01	1.32416	1.35806	1.28844	1.32236	1003935	0	20
2009.05.01	1.32235	1.41678	1.32123	1.41597	1647629	0	20
2009.06.01	1.41322	1.43378	1.37477	1.40352	1972886	0	20
2009.07.01	1.40360	1.43036	1.38323	1.42561	1755201	0	20
2009.08.01	1.42703	1.44465	1.40454	1.43311	1349026	0	20
2009.09.01	1.43310	1.48427	1.41770	1.46368	1014602	0	7
2009.10.01	1.46367	1.50617	1.44835	1.47185	1171349	0	8
2009.11.01	1.47346	1.51437	1.46262	1.50075	1150472	0	8
2009.12.01	1.50074	1.51399	1.42175	1.43306	971268	0	8
2010.01.01	1.43259	1.45785	1.38610	1.38611	948949	0	8
2010.02.01	1.38627	1.40255	1.34433	1.36310	943750	0	8
2010.03.01	1.36222	1.38171	1.32671	1.35062	897812	0	8
2010.04.01	1.35065	1.36913	1.31141	1.32936	883127	0	8
2010.05.01	1.33296	1.33326	1.21435	1.23080	1288374	0	8
2010.06.01	1.23061	1.24664	1.18758	1.22302	1175430	1237300000	7
2010.07.01	1.22300	1.31060	1.21930	1.30504	1019903	0	7
2010.08.01	1.30596	1.33327	1.25874	1.26889	866477	0	5
2010.09.01	1.26892	1.36825	1.26434	1.36283	837519	0	5
2010.10.01	1.36295	1.41505	1.36183	1.39459	1105255	0	7
2010.11.01	1.39703	1.42813	1.29694	1.29811	1729897	0	8
2010.12.01	1.29809	1.34966	1.29707	1.33827	1652760	0	4
2011.01.01	1.33443	1.37573	1.28736	1.36908	1753273	0	5
2011.02.01	1.36908	1.38607	1.34279	1.38088	1340042	0	7
2011.03.01	1.38088	1.42479	1.37447	1.41736	1654474	0	5
2011.04.01	1.41733	1.48809	1.40614	1.48062	1378150	14575658000	6
2011.05.01	1.48249	1.49385	1.39692	1.43945	1466068	0	7
2011.06.01	1.43947	1.46955	1.40731	1.44906	1620097	0	6
2011.07.01	1.44908	1.45769	1.38371	1.43945	1811397	42079361000	5
2011.08.01	1.43607	1.45482	1.40553	1.43725	2194663	297638199316	4
2011.09.01	1.43725	1.43767	1.33624	1.33846	2322427	0	4
2011.10.01	1.33447	1.42460	1.31458	1.38594	2222807	0	2
2011.11.01	1.38592	1.38702	1.32119	1.34392	2194943	0	4
2011.12.01	1.34392	1.35449	1.28577	1.29565	1636281	0	3
2012.01.01	1.29443	1.32330	1.26241	1.30879	1771091	0	4
2012.02.01	1.30881	1.34856	1.29745	1.33232	1748617	0	4
2012.03.01	1.33227	1.33848	1.30032	1.33408	1595899	0	5
2012.04.01	1.33562	1.33801	1.29945	1.32417	1484306	0	5
2012.05.01	1.32416	1.32828	1.23362	1.23597	1791217	0	5
2012.06.01	1.23594	1.27468	1.22882	1.26655	1829608	0	5
2012.07.01	1.26696	1.26703	1.20418	1.22989	1720739	0	4
2012.08.01	1.22989	1.26360	1.21337	1.25783	1573184	0	4
2012.09.01	1.25803	1.31706	1.25012	1.28595	1367528	0	4
2012.10.01	1.28488	1.31384	1.28031	1.29582	1280791	0	2
2012.11.01	1.29581	1.30267	1.26612	1.29848	1280478	0	3
2012.12.01	1.29934	1.33076	1.28769	1.31964	989772	0	3
2013.01.01	1.32036	1.35931	1.29975	1.35869	1178890	0	3
2013.02.01	1.35864	1.37106	1.30180	1.30665	1000385	0	1
2013.03.01	1.30664	1.31341	1.27509	1.28148	902833	0	1
2013.04.01	1.28112	1.32015	1.27454	1.31664	1013686	0	1
2013.05.01	1.31667	1.32427	1.27962	1.29956	1105511	0	1
2013.06.01	1.29922	1.34158	1.29555	1.30078	1207940	0	1
2013.07.01	1.30144	1.33446	1.27553	1.32963	1175882	0	1
2013.08.01	1.33022	1.34518	1.31750	1.32195	941655	0	1
2013.09.01	1.32122	1.35685	1.31047	1.35215	713383	0	1
2013.10.01	1.35215	1.38320	1.34734	1.35880	791255	0	1
2013.11.01	1.35878	1.36214	1.32959	1.35901	733298	0	1
2013.12.01	1.35878	1.38930	1.35241	1.37876	732363	0	1
2014.01.01	1.37550	1.37749	1.34790	1.34849	909525	0	0
2014.02.01	1.34855	1.38241	1.34770	1.38016	711426	0	0
2014.03.01	1.37856	1.39666	1.37047	1.37735	1239721	0	0
2014.04.01	1.37734	1.39057	1.36725	1.38653	948587	0	0
2014.05.01	1.38656	1.39932	1.35858	1.36339	791684	0	0
2014.06.01	1.36304	1.36969	1.35028	1.36927	789482	0	0
2014.07.01	1.36928	1.36991	1.33665	1.33877	848574	0	1
2014.08.01	1.33872	1.34446	1.31323	1.31323	844191	0	1
2014.09.01	1.31292	1.31600	1.25712	1.26307	1157836	0	1
2014.10.01	1.26306	1.28868	1.24851	1.25231	1746135	0	1
2014.11.01	1.25085	1.25991	1.23571	1.24498	1630093	22224335000	1
2014.12.01	1.24613	1.25696	1.20973	1.20995	1642395	1871828546800	0
2015.01.01	1.20538	1.20690	1.10970	1.12844	1561542	26232873000	1
2015.02.01	1.13115	1.15332	1.11758	1.11957	1291573	0	1
2015.03.01	1.11805	1.12402	1.04619	1.07308	1697941	0	1
2015.04.01	1.07331	1.12659	1.05202	1.12222	1842954	0	1
2015.05.01	1.12188	1.14661	1.08185	1.09895	1720454	0	1
2015.06.01	1.09835	1.14360	1.08865	1.11453	3176993	0	1
2015.07.01	1.11380	1.12153	1.08078	1.09831	3311289	1336715057000	4
2015.08.01	1.09711	1.17138	1.08477	1.12090	3206990	4226895997000	4
2015.09.01	1.12079	1.14600	1.10869	1.11763	3225763	4743972801000	4
2015.10.01	1.11748	1.14949	1.08966	1.10050	2907777	4642429448000	0
2015.11.01	1.10266	1.10527	1.05576	1.05643	2932840	4662849704000	0
2015.12.01	1.05639	1.10593	1.05222	1.08609	3018603	4269213689000	0
2016.01.01	1.08696	1.09844	1.07104	1.08300	3351110	4724943247000	0
2016.02.01	1.08297	1.13761	1.08142	1.08718	3818540	5500152333000	0
2016.03.01	1.08751	1.14115	1.08219	1.13788	3055208	4663003257000	0
2016.04.01	1.13777	1.14645	1.12145	1.14504	2923549	4484811678000	0
2016.05.01	1.14582	1.16159	1.10977	1.11303	2699756	4213445043000	0
2016.06.01	1.11301	1.14278	1.09113	1.11048	3339585	5311811345000	0
2016.07.01	1.11014	1.11972	1.09314	1.11743	2607735	4145774761000	0
2016.08.01	1.11715	1.13661	1.10453	1.11571	2403774	3012405186000	0
2016.09.01	1.11562	1.13266	1.11228	1.12399	2579553	2837160733000	0
2016.10.01	1.12262	1.12439	1.08507	1.09762	2565398	2626603578000	0
2016.11.01	1.09761	1.12991	1.05176	1.05870	3413147	3007683461000	0
2016.12.01	1.05891	1.08734	1.03249	1.05068	2545165	1908170100000	0
2017.01.01	1.05100	1.08120	1.03399	1.07968	3219315	2682507305000	0
2017.02.01	1.07958	1.08284	1.04933	1.05757	2482533	2178835307000	0
2017.03.01	1.05731	1.09057	1.04946	1.06462	2754572	2488738235000	0
2017.04.01	1.06591	1.09506	1.05695	1.08921	1929575	1809612207000	0
2017.05.01	1.09086	1.12680	1.08387	1.12430	2519533	2418675949000	0
2017.06.01	1.12429	1.14451	1.11186	1.14254	1983487	187275049000	0
2017.07.01	1.14175	1.18446	1.13121	1.18397	2077101	0	7
2017.08.01	1.18397	1.20699	1.16619	1.19039	2261880	0	7
2017.09.01	1.19039	1.20921	1.17171	1.18131	2167133	1054193000	0
2017.10.01	1.17945	1.18797	1.15742	1.16457	1631656	0	0
2017.11.01	1.16451	1.19611	1.15540	1.19035	1533478	0	0
2017.12.01	1.19031	1.20255	1.17175	1.20045	1674856	0	0
2018.01.01	1.20088	1.25378	1.19155	1.24132	3529743	0	0
2018.02.01	1.24132	1.25554	1.21878	1.21929	3502479	0	1
2018.03.01	1.21924	1.24763	1.21546	1.23218	2911686	0	1
2018.04.01	1.23192	1.24137	1.20553	1.20774	1660348	0	1
2018.05.01	1.20772	1.20840	1.15098	1.16906	2483066	0	0
2018.06.01	1.16879	1.18519	1.15078	1.16831	2339635	0	0
2018.07.01	1.16841	1.17908	1.15747	1.16906	1968591	0	0
2018.08.01	1.16895	1.17333	1.13006	1.16021	1692688	0	2
2018.09.01	1.15955	1.18148	1.15255	1.16020	1391518	0	2
2018.10.01	1.16156	1.16243	1.13017	1.13135	1833494	0	2
2018.11.01	1.13134	1.14994	1.12153	1.13155	1650616	0	2
2018.12.01	1.13499	1.14855	1.12694	1.14558	1543294	0	2
2019.01.01	1.14454	1.15698	1.12889	1.14461	1618224	0	2
2019.02.01	1.14468	1.14880	1.12336	1.13696	1170778	0	2
2019.03.01	1.13697	1.14477	1.11756	1.12166	1314873	0	0
2019.04.01	1.12258	1.13235	1.11105	1.12140	1076088	0	2
2019.05.01	1.12148	1.12644	1.11066	1.11676	1189360	0	1
2019.06.01	1.11644	1.14116	1.11596	1.13693	1192123	0	1
2019.07.01	1.13670	1.13707	1.10601	1.10749	1002696	0	1
2019.08.01	1.10749	1.12495	1.09630	1.09893	1572648	0	1
2019.09.01	1.09899	1.11094	1.08846	1.08991	1090978	0	1
2019.10.01	1.08991	1.11793	1.08790	1.11514	999970	0	1
2019.11.01	1.11514	1.11753	1.09810	1.10152	655523	0	1
2019.12.01	1.10241	1.12206	1.10029	1.12035	646187	0	1
