day,open,high,low,close,volume
20130819,1.3323,1.3374,1.3315,1.3335,6958
20130820,1.3336,1.3452,1.3323,1.3418,8756
20130821,1.3419,1.3426,1.3335,1.3345,9755
20130822,1.3346,1.3373,1.3298,1.336,8638
20130823,1.336,1.3409,1.3333,1.3385,8328
20130825,1.3386,1.3392,1.3377,1.3378,507
20130826,1.3377,1.3394,1.3356,1.3373,4677
20130827,1.3374,1.3398,1.3322,1.3391,8631
20130828,1.3392,1.3397,1.3305,1.3341,8525
20130829,1.3342,1.3343,1.3219,1.3238,9817
20130830,1.3238,1.3254,1.3173,1.3216,8101
20130901,1.3209,1.3215,1.3199,1.3201,608
20130902,1.3202,1.3227,1.3183,1.3189,6348
20130903,1.319,1.3197,1.3138,1.3169,7998
20130904,1.317,1.3217,1.3156,1.3203,7062
20130905,1.3204,1.3223,1.311,1.3121,10759
20130906,1.312,1.3189,1.3104,1.3175,9549
20130908,1.3174,1.3178,1.3164,1.3168,421
20130909,1.3169,1.328,1.3166,1.3251,8146
20130910,1.3252,1.3275,1.323,1.3264,8839
20130911,1.3264,1.3324,1.3243,1.3308,7329
20130912,1.3308,1.3324,1.3256,1.3297,8197
20130913,1.3296,1.3321,1.3254,1.3302,7306
20130915,1.3364,1.3382,1.3358,1.3371,1381
20130916,1.3372,1.3385,1.3329,1.3337,6283
20130917,1.3336,1.3369,1.3325,1.3356,5294
20130918,1.3357,1.3542,1.3338,1.3509,10760
20130919,1.351,1.3568,1.3509,1.3529,9009
20130920,1.3528,1.3548,1.3497,1.3523,5896
20130922,1.3542,1.3543,1.3525,1.3527,491
20130923,1.3526,1.3544,1.3479,1.3493,6439
20130924,1.3494,1.3518,1.3464,1.3472,6899
20130925,1.3471,1.3537,1.3461,1.352,6223
20130926,1.3519,1.3526,1.3472,1.3486,6781
20130927,1.3487,1.3564,1.3474,1.3521,5976
20130929,1.3496,1.3496,1.3478,1.3492,756
20130930,1.3491,1.3555,1.3477,1.3522,6764
20131001,1.3521,1.3588,1.3516,1.3524,9048
20131002,1.3524,1.3607,1.3504,1.358,8992
20131003,1.3579,1.3646,1.3577,1.3628,10967
20131004,1.3627,1.3632,1.3538,1.3553,7262
20131006,1.3564,1.3571,1.3561,1.357,319
20131007,1.3571,1.3591,1.3542,1.3576,7069
20131008,1.3575,1.3607,1.3557,1.3591,10213
20131009,1.3591,1.3604,1.3485,1.3521,16965
20131010,1.3521,1.3546,1.3487,1.3528,13614
20131011,1.3527,1.3581,1.3519,1.355,11802
20131013,1.3558,1.3564,1.3551,1.3556,418
20131014,1.3556,1.3597,1.3545,1.3555,8486
20131015,1.3555,1.3571,1.3479,1.3526,15728
20131016,1.3526,1.3567,1.3472,1.3523,16665
20131017,1.3522,1.3681,1.3515,1.3667,18326
20131018,1.3668,1.3704,1.3659,1.3684,11360
20131020,1.3683,1.3688,1.3681,1.3684,427
20131021,1.3684,1.3688,1.3651,1.3675,9351
20131022,1.3675,1.3792,1.3662,1.3777,12869
20131023,1.3778,1.3793,1.3741,1.3775,14111
20131024,1.3775,1.3825,1.3764,1.3797,15067
20131025,1.3798,1.3832,1.3774,1.3807,13855
20131027,1.3809,1.381,1.38,1.3804,254
20131028,1.3804,1.3817,1.3775,1.3788,10949
20131029,1.3787,1.3813,1.3736,1.3742,16294
20131030,1.3742,1.3785,1.3695,1.3723,18580
20131031,1.3723,1.3738,1.3575,1.3578,20231
20131101,1.3579,1.3581,1.348,1.3487,16368
20131103,1.3489,1.3497,1.3488,1.3491,640
20131104,1.3491,1.3524,1.3441,1.3515,11930
20131105,1.3514,1.3522,1.3449,1.3472,7384
20131106,1.3471,1.3547,1.3467,1.3517,6994
20131107,1.3516,1.3529,1.3295,1.3409,13998
20131108,1.3408,1.3438,1.3318,1.3359,10479
20131110,1.3361,1.3362,1.3345,1.3346,330
20131111,1.3347,1.3416,1.3346,1.3407,5501
20131112,1.3406,1.3456,1.3359,1.3438,8834
20131113,1.3438,1.3498,1.339,1.3484,9288
20131114,1.3483,1.3494,1.3418,1.3445,8623
20131115,1.3446,1.3505,1.3432,1.349,6102
20131117,1.3497,1.3498,1.348,1.3482,268
20131118,1.3482,1.3542,1.3474,1.35016,11053
20131119,1.35017,1.35793,1.34878,1.35642,46927
20131120,1.35635,1.35642,1.34153,1.34302,51432
20131121,1.34303,1.34864,1.33994,1.34712,52610
20131122,1.34711,1.35568,1.34622,1.35564,37871
20131124,1.35478,1.35601,1.35478,1.35514,1454
20131125,1.35512,1.35564,1.34903,1.35335,33946
20131126,1.35334,1.35749,1.35212,1.35671,37954
20131127,1.35672,1.36127,1.35578,1.35731,41005
20131128,1.35732,1.36182,1.35636,1.36024,101428
20131129,1.36024,1.36217,1.35801,1.35907,124052
20131201,1.35897,1.3592,1.35813,1.35845,3001
20131202,1.35847,1.36158,1.3526,1.35416,121762
20131203,1.35417,1.36138,1.35244,1.35917,119382
20131204,1.35917,1.36054,1.35283,1.35851,153133
20131205,1.35851,1.36774,1.35432,1.36686,201235
20131206,1.36687,1.37061,1.36184,1.37047,163183
20131208,1.37119,1.37212,1.3704,1.37065,5027
20131209,1.37066,1.37459,1.36945,1.37368,94211
20131210,1.37367,1.3795,1.37342,1.37641,113854
20131211,1.37642,1.38108,1.37405,1.3785,104061
20131212,1.37849,1.38032,1.37376,1.37495,135456
20131213,1.37495,1.37692,1.37089,1.37421,100604
20131215,1.37278,1.37418,1.37277,1.37378,2439
20131216,1.37378,1.37987,1.37362,1.37606,109084
20131217,1.37604,1.37823,1.37229,1.37691,104693
20131218,1.37692,1.38119,1.3668,1.36824,179153
20131219,1.36824,1.36939,1.36494,1.36555,132327
20131220,1.36556,1.37093,1.36249,1.36722,129121
20131222,1.36704,1.36776,1.36666,1.36774,2100
20131223,1.36773,1.37167,1.36726,1.3697,80144
20131224,1.3697,1.3698,1.3655,1.36793,57354
20131225,1.36785,1.36828,1.36635,1.36679,1217
20131226,1.36679,1.37017,1.3665,1.36942,53551
20131227,1.36941,1.38934,1.3692,1.3746,151596
20131229,1.37552,1.37694,1.37455,1.37511,3558
20131230,1.3751,1.38191,1.37282,1.38078,108820
20131231,1.38079,1.38125,1.37441,1.37582,83428
20140101,1.37523,1.3772,1.37398,1.37632,2258
20140102,1.37624,1.3775,1.36295,1.36652,146965
20140103,1.36652,1.36717,1.35823,1.35888,134537
20140105,1.35921,1.36,1.35888,1.35956,4176
20140106,1.35953,1.36533,1.35714,1.36291,132951
20140107,1.36296,1.36563,1.35965,1.3617,110123
20140108,1.3617,1.36351,1.35533,1.35712,130793
20140109,1.35712,1.36333,1.35477,1.36061,140751
20140110,1.36061,1.36872,1.3565,1.36685,135987
20140112,1.36686,1.36761,1.36645,1.36718,4323
20140113,1.36719,1.36848,1.36374,1.36686,87041
20140114,1.36686,1.36993,1.36491,1.3667,92749
20140115,1.36668,1.36733,1.35812,1.35992,111120
20140116,1.35993,1.36496,1.35832,1.36153,134371
20140117,1.36153,1.36211,1.3517,1.35403,110334
20140119,1.35375,1.3538,1.35245,1.3527,4727
20140120,1.3527,1.35679,1.35075,1.35457,120571
20140121,1.35456,1.35691,1.35161,1.35571,175290
20140122,1.35571,1.35829,1.35345,1.3544,151035
20140123,1.3544,1.36985,1.35303,1.36879,156852
20140124,1.3688,1.37393,1.36625,1.36764,143147
20140126,1.3677,1.36906,1.36732,1.36865,4472
20140127,1.36865,1.37167,1.36531,1.36739,153473
20140128,1.36739,1.36885,1.36289,1.36539,155208
20140129,1.36539,1.36846,1.3603,1.36572,254940
20140130,1.36572,1.36624,1.35431,1.3557,223525
20140131,1.35571,1.35734,1.3479,1.34866,259472
20140202,1.34825,1.34909,1.34783,1.3487,5798
20140203,1.34869,1.35356,1.34767,1.35221,198989
20140204,1.35221,1.35385,1.34933,1.35155,172546
20140205,1.35154,1.35556,1.34985,1.35336,198929
20140206,1.35335,1.3619,1.34834,1.35916,234103
20140207,1.35916,1.36429,1.35517,1.36349,184699
20140209,1.36142,1.36266,1.36141,1.36183,5112
20140210,1.36183,1.36514,1.36183,1.36447,110836
20140211,1.36448,1.3683,1.36294,1.36365,182150
20140212,1.36367,1.36526,1.35622,1.35876,178332
20140213,1.35875,1.36917,1.35854,1.3676,82580
20140214,1.3676,1.37146,1.36735,1.36922,72758
20140217,1.37082,1.3724,1.36919,1.37071,50503
20140218,1.37065,1.37701,1.36944,1.37581,70590
20140219,1.37581,1.37729,1.37243,1.37325,57487
20140220,1.37344,1.37623,1.36859,1.3718,77648
20140221,1.37167,1.37583,1.37022,1.37375,63785
20140224,1.37307,1.3771,1.37082,1.37346,60798
20140225,1.37347,1.37669,1.37156,1.37448,66584
20140226,1.37442,1.3757,1.36616,1.36863,77990
20140227,1.36852,1.37265,1.3643,1.37103,76669
20140228,1.37079,1.38248,1.36943,1.3802,88685
20140303,1.37581,1.37926,1.37263,1.37335,61877
20140304,1.37349,1.37816,1.37209,1.37425,56585
20140305,1.37412,1.37492,1.37073,1.37322,54503
20140306,1.37335,1.3873,1.37212,1.386,72496
20140307,1.38601,1.39151,1.38519,1.3877,63000
20140310,1.38749,1.38978,1.38615,1.38758,44631
20140311,1.38755,1.38789,1.38336,1.38588,48205
20140312,1.38583,1.39143,1.38432,1.39018,52070
20140313,1.39023,1.39669,1.38454,1.38668,77892
20140314,1.38664,1.39365,1.38476,1.39082,70918
20140317,1.39036,1.39476,1.3879,1.39211,49083
20140318,1.39215,1.39428,1.38797,1.39331,56128
20140319,1.39331,1.39341,1.38094,1.38319,63001
20140320,1.38311,1.38449,1.37491,1.37778,67692
20140321,1.37778,1.38107,1.37656,1.3791,48595
20140324,1.37971,1.38759,1.37602,1.38384,53953
20140325,1.38377,1.38471,1.37492,1.3826,67922
20140326,1.38244,1.38276,1.37764,1.37771,57324
20140327,1.37765,1.37968,1.37284,1.37395,64392
20140328,1.37391,1.3773,1.37045,1.37522,56794
20140331,1.37619,1.38085,1.37228,1.37676,63862
20140401,1.37668,1.38153,1.37668,1.37923,50563
20140402,1.37923,1.38203,1.37532,1.37664,47475
20140403,1.37652,1.38062,1.3698,1.37191,66263
20140404,1.37196,1.37311,1.36725,1.37032,62952
20140407,1.36986,1.37484,1.36963,1.37404,39496
20140408,1.37412,1.38114,1.37373,1.37966,53546
20140409,1.37951,1.38622,1.37798,1.38543,56657
20140410,1.3854,1.3899,1.38359,1.38856,56114
20140411,1.38849,1.39057,1.38634,1.38848,50720
20140414,1.38425,1.3863,1.38081,1.38206,55157
20140415,1.38184,1.38332,1.37901,1.38138,51228
20140416,1.38125,1.38511,1.38034,1.3815,49979
20140417,1.38144,1.38645,1.38105,1.38128,44173
20140418,1.38133,1.38221,1.38083,1.3813,14325
20140421,1.38119,1.38302,1.37869,1.37928,19578
20140422,1.37923,1.38246,1.37847,1.38049,37106
20140423,1.38047,1.38545,1.38002,1.38168,48430
20140424,1.38165,1.38429,1.37913,1.38314,47560
20140425,1.38313,1.38481,1.3827,1.38327,36080
20140428,1.38442,1.38793,1.38147,1.38511,48683
20140429,1.38496,1.38791,1.38054,1.38124,49480
20140430,1.38116,1.38766,1.37732,1.38671,63778
20140501,1.38667,1.38891,1.38628,1.38692,30970
20140502,1.38686,1.38815,1.38121,1.38733,49605
20140505,1.38837,1.3886,1.38646,1.38752,32167
20140506,1.38751,1.39511,1.38723,1.39275,48060
20140507,1.39285,1.39385,1.391,1.39101,48907
20140508,1.39107,1.39936,1.38331,1.38398,75801
20140509,1.38396,1.38443,1.37452,1.37597,55121
20140512,1.37522,1.37747,1.37494,1.37574,36091
20140513,1.37571,1.37714,1.3689,1.37034,62520
20140514,1.37018,1.37306,1.3698,1.37147,48306
20140515,1.37146,1.37326,1.36482,1.37094,66805
20140516,1.37101,1.37266,1.36853,1.36917,42251
20140519,1.36926,1.37342,1.36908,1.37087,41781
20140520,1.37083,1.37138,1.36778,1.37011,41249
20140521,1.37001,1.37233,1.36346,1.36866,53890
20140522,1.3686,1.36878,1.36451,1.36556,47579
20140523,1.36555,1.36587,1.36155,1.36235,45395
20140526,1.36222,1.36544,1.36066,1.36452,34714
20140527,1.36451,1.36687,1.36125,1.36346,59904
20140528,1.36342,1.36378,1.35885,1.35899,59379
20140529,1.35908,1.36255,1.3586,1.36015,57812
20140530,1.36016,1.36501,1.35985,1.36324,63061
20140602,1.36356,1.36365,1.35882,1.35965,59098
20140603,1.35961,1.36478,1.35869,1.36262,64024
20140604,1.36282,1.3639,1.35966,1.35984,63651
20140605,1.35979,1.36698,1.35027,1.36601,114364
20140606,1.36588,1.36771,1.36209,1.36426,75214
20140609,1.36405,1.36688,1.35825,1.35938,49461
20140610,1.35924,1.36018,1.35331,1.35468,56787
20140611,1.35458,1.3557,1.35214,1.35313,89058
20140612,1.35299,1.3572,1.35123,1.35514,110550
20140613,1.35499,1.35789,1.3521,1.35391,87904
20140616,1.35398,1.35796,1.35131,1.3573,48565
20140617,1.3572,1.35872,1.35364,1.35466,43007
20140618,1.3545,1.35993,1.35418,1.35954,50771
20140619,1.35916,1.36435,1.35839,1.36067,52984
20140620,1.36069,1.36339,1.35643,1.35996,91801
20140623,1.35851,1.36135,1.35741,1.3604,75787
20140624,1.36042,1.36277,1.35834,1.36066,45572
20140625,1.36055,1.36512,1.36005,1.36288,48750
20140626,1.36282,1.36413,1.35757,1.36115,47860
20140627,1.36108,1.36506,1.36095,1.36488,45438
20140630,1.36415,1.36978,1.36404,1.36921,54993
20140701,1.36916,1.37005,1.36755,1.36784,51264
20140702,1.36786,1.36825,1.36419,1.36582,47839
20140703,1.36587,1.36643,1.35962,1.36098,58193
20140704,1.36096,1.36114,1.35855,1.35923,31424
20140707,1.35922,1.36092,1.3576,1.36047,42509
20140708,1.36048,1.36174,1.35882,1.36118,48102
20140709,1.36123,1.36482,1.36023,1.36414,61446
20140710,1.36412,1.36507,1.35892,1.36087,64073
20140711,1.36085,1.36248,1.35924,1.36046,55638
20140714,1.35963,1.36403,1.35963,1.3619,52258
20140715,1.36189,1.36281,1.3562,1.3567,71587
20140716,1.3567,1.35726,1.35209,1.35249,57176
20140717,1.35248,1.35404,1.35165,1.35263,60207
20140718,1.35263,1.3536,1.3491,1.35256,63586
20140721,1.35268,1.35492,1.3513,1.35234,46998
20140722,1.35236,1.35296,1.3459,1.34656,63316
20140723,1.34655,1.34742,1.34549,1.34634,50765
20140724,1.34633,1.34848,1.34383,1.34638,58507
20140725,1.34636,1.34757,1.34214,1.34302,57233
20140728,1.34288,1.34439,1.34268,1.34397,37823
20140729,1.34392,1.34446,1.34043,1.34086,51203
20140730,1.34086,1.34152,1.33669,1.3397,72032
20140731,1.3397,1.34005,1.33716,1.33903,62862
20140801,1.33904,1.34447,1.33785,1.34282,73652
20140804,1.34283,1.34316,1.34094,1.34216,53863
20140805,1.34218,1.34248,1.33583,1.3376,60252
20140806,1.3376,1.33869,1.33332,1.33822,66918
20140807,1.33822,1.33938,1.33372,1.33633,71160
20140808,1.33631,1.34327,1.33435,1.3412,82964
20140811,1.34098,1.34114,1.33804,1.3385,44890
20140812,1.3385,1.33863,1.3336,1.3369,55245
20140813,1.33691,1.34152,1.33423,1.33641,63098
20140814,1.33644,1.34078,1.33485,1.33648,69441
20140815,1.33648,1.34118,1.33589,1.34004,78895
20140818,1.33908,1.33992,1.33529,1.33634,54582
20140819,1.33634,1.33641,1.33132,1.33197,68778
20140820,1.33198,1.33241,1.32553,1.32593,82063
20140821,1.32593,1.32885,1.3242,1.32805,68465
20140822,1.3281,1.32967,1.32206,1.32407,80197
20140825,1.31963,1.32104,1.31839,1.3192,60727
20140826,1.3192,1.32147,1.31647,1.31675,76419
20140827,1.31675,1.321,1.31527,1.31929,80169
20140828,1.31928,1.32207,1.31598,1.31819,83706
20140829,1.31818,1.31962,1.31317,1.31325,77117
20140901,1.3127,1.31454,1.31191,1.31285,45183
20140902,1.31273,1.31368,1.31102,1.31327,69217
20140903,1.31329,1.316,1.31222,1.31502,78711
20140904,1.31501,1.31541,1.29201,1.29432,108374
20140905,1.29438,1.29883,1.2922,1.29478,88771
20140908,1.29538,1.2959,1.28821,1.28946,82203
20140909,1.28943,1.29574,1.28594,1.29374,90351
20140910,1.29373,1.29629,1.28838,1.29167,84412
20140911,1.29165,1.29518,1.28972,1.29231,76787
20140912,1.29236,1.29793,1.29091,1.2964,76396
20140915,1.29723,1.29723,1.29087,1.29397,61522
20140916,1.29397,1.29947,1.29224,1.29593,77316
20140917,1.29583,1.29813,1.28521,1.28644,86511
20140918,1.28652,1.29303,1.28345,1.29228,88496
20140919,1.29226,1.2929,1.2828,1.28287,99610
20140922,1.28321,1.28678,1.28166,1.28486,70604
20140923,1.28496,1.29013,1.28427,1.28465,74484
20140924,1.28464,1.28637,1.27743,1.27801,74803
20140925,1.27802,1.27833,1.26981,1.27508,90631
20140926,1.27505,1.27608,1.26772,1.26845,79401
20140929,1.26816,1.27149,1.26638,1.26851,82093
20140930,1.26766,1.27023,1.25711,1.26303,91678
20141001,1.263,1.26396,1.25842,1.26225,109988
20141002,1.26222,1.26987,1.2614,1.26684,135530
20141003,1.26682,1.26746,1.25005,1.25137,112044
20141006,1.25125,1.26747,1.25089,1.26551,105147
20141007,1.26549,1.26818,1.25835,1.26688,154041
20141008,1.2669,1.27488,1.26226,1.27341,158108
20141009,1.27331,1.27913,1.26641,1.26907,172559
20141010,1.26903,1.27161,1.26054,1.26277,135193
20141013,1.26299,1.27615,1.26202,1.27515,124339
20141014,1.27494,1.27682,1.264,1.26575,132058
20141015,1.26576,1.28867,1.26247,1.28375,184303
20141016,1.28375,1.28448,1.27057,1.28084,177945
20141017,1.28086,1.28369,1.27437,1.27534,105869
20141020,1.27479,1.28169,1.27312,1.27995,93619
20141021,1.27997,1.28403,1.27144,1.27149,127993
20141022,1.27149,1.27395,1.26371,1.26475,120490
20141023,1.26475,1.26765,1.26135,1.26455,113089
20141024,1.26456,1.26956,1.26347,1.26711,102820
20141027,1.26712,1.2723,1.26657,1.26981,96031
20141028,1.26982,1.27645,1.26847,1.27344,107936
20141029,1.27341,1.27706,1.26309,1.2631,112259
20141030,1.26316,1.26393,1.25465,1.26131,147190
20141031,1.2613,1.26172,1.24853,1.2525,166358
20141103,1.25028,1.25141,1.24376,1.24809,143165
20141104,1.24809,1.25773,1.24809,1.25461,134804
20141105,1.25464,1.25671,1.24572,1.24854,163514
20141106,1.24854,1.25335,1.23646,1.23744,182686
20141107,1.23745,1.24697,1.23581,1.24545,180397
20141110,1.24682,1.25093,1.24187,1.24204,100176
20141111,1.24204,1.24994,1.23943,1.24747,114775
20141112,1.24751,1.24978,1.24192,1.2438,141564
20141113,1.24378,1.24918,1.24264,1.24764,109075
20141114,1.24766,1.25462,1.23984,1.25254,137567
20141117,1.25309,1.25774,1.2445,1.24497,117064
20141118,1.24493,1.25453,1.24433,1.25357,118549
20141119,1.25364,1.26003,1.25122,1.25537,128446
20141120,1.25536,1.25754,1.25042,1.25388,146608
20141121,1.25387,1.25681,1.23749,1.23925,153113
20141124,1.23609,1.24446,1.23589,1.24421,114835
20141125,1.2442,1.24872,1.24023,1.24745,116544
20141126,1.24742,1.25318,1.24437,1.25056,114180
20141127,1.25055,1.25236,1.24647,1.2467,71435
20141128,1.2467,1.24903,1.24264,1.24514,100884
20141201,1.24613,1.25067,1.24193,1.24693,123328
20141202,1.24699,1.24761,1.23767,1.23829,101160
20141203,1.23828,1.23906,1.23012,1.23107,117894
20141204,1.23105,1.24564,1.22808,1.23782,136309
20141205,1.23782,1.2393,1.22709,1.22829,122544
20141208,1.22863,1.23441,1.22472,1.23165,113149
20141209,1.23162,1.24481,1.22921,1.23739,150098
20141210,1.23737,1.24483,1.2362,1.24477,137853
20141211,1.24479,1.24951,1.23702,1.24102,154936
20141212,1.24103,1.24852,1.23843,1.24613,130391
20141215,1.24711,1.24787,1.24146,1.24362,132030
20141216,1.24371,1.25699,1.2434,1.25102,168346
20141217,1.25103,1.25156,1.23213,1.23415,161153
20141218,1.23416,1.23528,1.22657,1.2286,144744
20141219,1.22859,1.23023,1.22201,1.22289,118516
20141222,1.22184,1.22725,1.22166,1.22293,76351
20141223,1.22296,1.22456,1.21648,1.21723,82406
20141224,1.21723,1.222,1.21695,1.22032,56133
20141226,1.22217,1.22265,1.21684,1.21776,41856
20141229,1.21789,1.22211,1.21429,1.21514,71705
20141230,1.21515,1.21874,1.21239,1.21539,80099
20141231,1.21542,1.21698,1.20967,1.2101,62513
20150102,1.21047,1.21076,1.20003,1.20023,98730
20150105,1.19414,1.19764,1.18559,1.19328,131784
20150106,1.1933,1.19688,1.18842,1.18894,133804
20150107,1.18894,1.18966,1.18021,1.18394,142241
20150108,1.18393,1.18474,1.17541,1.17918,116760
20150109,1.17916,1.18462,1.17625,1.18404,135259
20150112,1.18449,1.1871,1.17861,1.18339,116155
20150113,1.18328,1.18598,1.17534,1.17727,136885
20150114,1.17727,1.18464,1.17273,1.17886,159084
20150115,1.17895,1.17926,1.15678,1.16322,219014
20150116,1.16323,1.16488,1.14599,1.1561,190112
20150119,1.15494,1.16389,1.15494,1.1607,108946
20150120,1.16028,1.16149,1.15403,1.15494,115736
20150121,1.15498,1.16803,1.15414,1.16096,138054
20150122,1.161,1.1651,1.13161,1.13653,164890
20150123,1.13654,1.13739,1.11145,1.1205,182032
20150126,1.11483,1.12954,1.10974,1.12383,141975
20150127,1.12388,1.14226,1.12236,1.13805,143940
20150128,1.13809,1.13833,1.12762,1.1287,139797
20150129,1.12873,1.13679,1.1262,1.13195,134935
20150130,1.13196,1.13638,1.1278,1.12808,130637
20150202,1.13003,1.13623,1.12924,1.13412,111915
20150203,1.13407,1.15338,1.13124,1.14804,150599
20150204,1.14815,1.14849,1.13155,1.13426,134715
20150205,1.13428,1.14989,1.1304,1.14769,145258
20150206,1.14764,1.1486,1.13115,1.13115,128760
20150209,1.12937,1.13594,1.12703,1.1324,117681
20150210,1.13241,1.13454,1.1273,1.13206,122893
20150211,1.13204,1.13473,1.12797,1.13349,107367
20150212,1.13325,1.14229,1.13022,1.14024,138449
20150213,1.14023,1.14431,1.13794,1.1384,106262
20150216,1.13975,1.14291,1.13195,1.13539,75082
20150217,1.13536,1.1449,1.13219,1.14112,113124
20150218,1.14111,1.1416,1.13338,1.13969,101637
20150219,1.13971,1.14501,1.13552,1.13679,96698
20150220,1.13677,1.14295,1.1279,1.13793,131471
20150223,1.13921,1.1396,1.12953,1.13341,83029
20150224,1.13343,1.1358,1.12882,1.13401,104418
20150225,1.134,1.13888,1.13357,1.13605,98731
20150226,1.13605,1.13795,1.11836,1.11977,109586
20150227,1.11973,1.12452,1.11761,1.11959,117510
20150302,1.11805,1.12406,1.11601,1.11839,90379
20150303,1.11839,1.12176,1.11548,1.11758,95284
20150304,1.11761,1.11856,1.10614,1.1078,108553
20150305,1.10779,1.11144,1.09875,1.10299,126805
20150306,1.1029,1.10327,1.08393,1.08428,129656
20150309,1.08275,1.09065,1.08227,1.08516,95777
20150310,1.08516,1.08558,1.06927,1.06975,154480
20150311,1.06973,1.07171,1.05113,1.05469,169889
20150312,1.05467,1.06839,1.04944,1.06348,170490
20150313,1.06348,1.06353,1.04623,1.04954,143050
20150316,1.04699,1.06194,1.04699,1.05676,120316
20150317,1.05674,1.06508,1.05513,1.0597,110862
20150318,1.05972,1.10348,1.058,1.08655,163138
20150319,1.08659,1.09188,1.0613,1.06597,209338
20150320,1.06596,1.08821,1.06492,1.08207,156633
20150323,1.08399,1.09713,1.07674,1.09455,177232
20150324,1.09453,1.10292,1.08906,1.09245,163148
20150325,1.09244,1.10149,1.09009,1.09696,141203
20150326,1.09692,1.10521,1.08563,1.08835,162261
20150327,1.08839,1.09489,1.08012,1.0889,156974
20150330,1.08861,1.08952,1.081,1.08328,129527
20150331,1.08327,1.08454,1.0713,1.07316,142994
20150401,1.07317,1.07999,1.07186,1.07632,148922
20150402,1.07632,1.09053,1.07504,1.08798,133665
20150403,1.08802,1.10271,1.08639,1.09674,70858
20150406,1.09955,1.10357,1.09096,1.0922,77561
20150407,1.09224,1.09549,1.08032,1.08148,137782
20150408,1.08148,1.08875,1.07633,1.07801,151930
20150409,1.07801,1.07886,1.06376,1.0659,138313
20150410,1.06589,1.06835,1.05678,1.06025,137263
20150413,1.05847,1.06192,1.05204,1.05671,146605
20150414,1.05667,1.07074,1.05315,1.06544,147316
20150415,1.06544,1.0702,1.05711,1.06839,168325
20150416,1.06844,1.08177,1.06244,1.07612,198503
20150417,1.07608,1.08488,1.07354,1.08058,174970
20150420,1.0818,1.0822,1.07125,1.07372,137747
20150421,1.07372,1.07813,1.06597,1.07354,138768
20150422,1.07354,1.08008,1.07085,1.0725,147652
20150423,1.07247,1.08458,1.06659,1.0824,158693
20150424,1.08241,1.08999,1.07848,1.08729,156005
20150427,1.0865,1.09265,1.08193,1.08913,132845
20150428,1.08913,1.0991,1.08598,1.09808,147471
20150429,1.09808,1.11878,1.09596,1.11282,177838
20150430,1.11283,1.12661,1.10713,1.12239,195387
20150501,1.12237,1.12887,1.11747,1.11973,135417
20150504,1.11913,1.12246,1.11227,1.11458,119776
20150505,1.11456,1.1223,1.10663,1.11853,146529
20150506,1.11849,1.137,1.11748,1.13467,174892
20150507,1.13468,1.13916,1.12372,1.12664,171607
20150508,1.12659,1.12878,1.11791,1.1201,175718
20150511,1.11972,1.12064,1.1131,1.11547,137764
20150512,1.11546,1.12788,1.11343,1.12125,138839
20150513,1.12129,1.13827,1.12025,1.13541,147979
20150514,1.13536,1.14448,1.13406,1.14094,155740
20150515,1.14093,1.14669,1.13239,1.14471,151020
20150518,1.14468,1.14497,1.12986,1.13148,133376
20150519,1.13149,1.13263,1.11189,1.11495,160299
20150520,1.11496,1.1152,1.10625,1.10936,173572
20150521,1.10935,1.11812,1.10799,1.11119,155902
20150522,1.11119,1.12082,1.10022,1.10079,151173
20150525,1.10015,1.10097,1.09594,1.09778,66382
20150526,1.09774,1.09814,1.08633,1.08723,162047
20150527,1.08723,1.09291,1.08191,1.09039,155647
20150528,1.09038,1.09582,1.08678,1.09485,172798
20150529,1.09485,1.10062,1.09258,1.09871,154138
20150601,1.09798,1.09891,1.08871,1.09265,152688
20150602,1.09267,1.11933,1.0916,1.11502,179421
20150603,1.11506,1.12851,1.10794,1.1274,173210
20150604,1.1274,1.13799,1.12226,1.12378,170385
20150605,1.12376,1.12802,1.10494,1.11129,177475
20150608,1.10964,1.13068,1.1084,1.1291,151629
20150609,1.12912,1.13455,1.1214,1.12824,171891
20150610,1.12813,1.13864,1.12607,1.13235,191235
20150611,1.13237,1.13316,1.11822,1.12578,158994
20150612,1.12576,1.12963,1.11511,1.12646,163091
20150615,1.12111,1.12944,1.11891,1.12826,143676
20150616,1.12835,1.13297,1.12049,1.12473,129212
20150617,1.12476,1.13578,1.12095,1.13368,151216
20150618,1.13371,1.14365,1.13302,1.13584,163019
20150619,1.13584,1.13983,1.1292,1.13488,126113
20150622,1.1376,1.14104,1.13116,1.13402,134193
20150623,1.13406,1.13474,1.1135,1.11674,152194
20150624,1.11674,1.12345,1.11543,1.1204,146354
20150625,1.1204,1.12276,1.11536,1.12033,124550
20150626,1.1204,1.12198,1.11301,1.11621,119206
20150629,1.1004,1.1278,1.09544,1.12355,214205
20150630,1.12357,1.12436,1.11127,1.11456,172125
20150701,1.1146,1.11713,1.10427,1.10526,133515
20150702,1.10534,1.11213,1.10322,1.10837,129410
20150703,1.10838,1.11177,1.10657,1.11055,98240
20150706,1.09921,1.10954,1.09692,1.10556,159399
20150707,1.10558,1.10588,1.09162,1.10106,167487
20150708,1.10111,1.10926,1.0974,1.10759,172308
20150709,1.1076,1.11249,1.09914,1.10356,147836
20150710,1.1036,1.12158,1.10303,1.1153,162427
20150713,1.10935,1.11968,1.09962,1.10007,148210
20150714,1.10045,1.10836,1.09658,1.10081,136132
20150715,1.10082,1.10356,1.09298,1.09481,133659
20150716,1.09467,1.09625,1.08555,1.08745,132268
20150717,1.08745,1.0907,1.08282,1.08282,107418
20150720,1.08303,1.08701,1.08087,1.08249,104210
20150721,1.08248,1.09686,1.08117,1.0934,126320
20150722,1.09339,1.09665,1.08699,1.09286,124500
20150723,1.09286,1.10183,1.09217,1.09845,129048
20150724,1.09845,1.09957,1.09253,1.0982,107137
20150727,1.09813,1.11293,1.09689,1.10878,126208
20150728,1.10884,1.10995,1.10221,1.106,109866
20150729,1.10597,1.10838,1.0967,1.09833,115969
20150730,1.09837,1.09895,1.08932,1.09319,116835
20150731,1.09323,1.11141,1.09211,1.09836,135484
20150803,1.09706,1.09958,1.09412,1.09498,108510
20150804,1.09495,1.09875,1.0879,1.08809,116235
20150805,1.08808,1.09329,1.08479,1.09056,119447
20150806,1.09056,1.09435,1.08736,1.0925,103728
20150807,1.09247,1.09783,1.08552,1.09659,116409
20150810,1.09636,1.10414,1.09254,1.10186,97573
20150811,1.1019,1.10882,1.09605,1.10416,138041
20150812,1.10417,1.12135,1.10246,1.11575,142500
20150813,1.11573,1.11888,1.108,1.11498,115683
20150814,1.1149,1.11887,1.10979,1.11072,105251
20150817,1.1115,1.11249,1.10586,1.10764,94992
20150818,1.10768,1.10937,1.10175,1.1021,90499
20150819,1.10218,1.11343,1.1018,1.11194,117276
20150820,1.11194,1.12447,1.1107,1.12414,125841
20150821,1.12411,1.13883,1.12292,1.13852,156976
20150824,1.1376,1.17139,1.13694,1.16184,261346
20150825,1.16184,1.16218,1.13969,1.15164,225504
20150826,1.15165,1.15614,1.12916,1.13131,224067
20150827,1.13136,1.13645,1.1203,1.12457,170655
20150828,1.12439,1.13097,1.1156,1.11799,139996
20150831,1.117,1.12625,1.11693,1.12105,115787
20150901,1.12098,1.13321,1.12081,1.1313,167011
20150902,1.1313,1.13195,1.12164,1.12269,146328
20150903,1.12269,1.12432,1.10873,1.11231,137225
20150904,1.1123,1.1187,1.10895,1.11398,141542
20150907,1.1162,1.11777,1.11213,1.1169,94452
20150908,1.1169,1.12294,1.11526,1.12015,126527
20150909,1.12014,1.12163,1.11317,1.12065,135353
20150910,1.12068,1.12953,1.11718,1.12795,155271
20150911,1.12783,1.13494,1.12541,1.13344,132393
20150914,1.13307,1.13731,1.12837,1.13157,100389
20150915,1.13158,1.13287,1.12589,1.1268,111458
20150916,1.1268,1.13205,1.12141,1.12893,107581
20150917,1.12893,1.14412,1.12846,1.14343,135306
20150918,1.14347,1.14601,1.12694,1.12998,143341
20150921,1.12835,1.13301,1.11812,1.11892,114428
20150922,1.11891,1.12075,1.11133,1.11194,116240
20150923,1.1119,1.12136,1.11051,1.11856,121615
20150924,1.11852,1.12959,1.11644,1.12292,141137
20150925,1.12292,1.12306,1.11162,1.11912,141074
20150928,1.1183,1.12476,1.11467,1.12442,134224
20150929,1.12437,1.12814,1.11938,1.12483,139052
20150930,1.12483,1.12613,1.11573,1.11758,120790
20151001,1.11757,1.12091,1.11351,1.11938,111308
20151002,1.11938,1.13184,1.11504,1.12098,140625
20151005,1.12195,1.12893,1.11736,1.11862,128306
20151006,1.1186,1.12795,1.11719,1.12703,113469
20151007,1.12705,1.12842,1.12113,1.12372,123330
20151008,1.12372,1.13272,1.12345,1.12755,117436
20151009,1.12748,1.13871,1.12671,1.13573,121344
20151012,1.13602,1.13968,1.13552,1.13578,74258
20151013,1.13578,1.1411,1.13442,1.13787,102686
20151014,1.13787,1.1489,1.13774,1.14735,115352
20151015,1.14733,1.14951,1.13631,1.13856,128051
20151016,1.13862,1.1396,1.13342,1.1344,106159
20151019,1.13558,1.1379,1.13058,1.13259,95532
20151020,1.13257,1.1387,1.13239,1.13448,91392
20151021,1.13461,1.13773,1.13342,1.13385,90730
20151022,1.13384,1.13511,1.11002,1.11085,138236
20151023,1.11085,1.11398,1.09965,1.10161,146940
20151026,1.10002,1.10682,1.10002,1.10576,105043
20151027,1.1057,1.10786,1.10302,1.10501,101804
20151028,1.10499,1.10957,1.08969,1.09219,127752
20151029,1.09216,1.09858,1.09031,1.09757,127578
20151030,1.09762,1.10725,1.09655,1.10038,145195
20151102,1.10353,1.10528,1.10003,1.1015,97268
20151103,1.1015,1.10301,1.09363,1.09629,101276
20151104,1.09623,1.09678,1.08441,1.08643,121832
20151105,1.08638,1.08973,1.08335,1.08836,120263
20151106,1.08832,1.08937,1.07068,1.0737,123007
20151109,1.07285,1.07901,1.07196,1.07512,118402
20151110,1.07508,1.0764,1.06742,1.07241,115201
20151111,1.07233,1.07736,1.07057,1.07423,101863
20151112,1.07412,1.08302,1.06911,1.08125,148389
20151113,1.08124,1.0817,1.0714,1.07691,130036
20151116,1.074,1.0758,1.06746,1.06859,119240
20151117,1.06859,1.06906,1.06307,1.06419,123329
20151118,1.06419,1.06924,1.0617,1.0659,109515
20151119,1.06588,1.07629,1.06554,1.07332,131397
20151120,1.07328,1.07382,1.06401,1.06456,113751
20151123,1.06382,1.06567,1.05939,1.06366,109509
20151124,1.06366,1.06732,1.06197,1.06427,113422
20151125,1.06423,1.06892,1.05661,1.06239,130610
20151126,1.06239,1.06274,1.06,1.06097,67281
20151127,1.06097,1.0638,1.05685,1.05886,82909
20151130,1.05886,1.0595,1.05577,1.05639,90101
20151201,1.05638,1.0637,1.05628,1.06318,106074
20151202,1.06314,1.06363,1.05507,1.06128,117455
20151203,1.06128,1.09811,1.05225,1.0939,180718
20151204,1.09383,1.09561,1.0836,1.08748,174016
20151207,1.08703,1.08875,1.0796,1.08366,104598
20151208,1.08363,1.09024,1.08302,1.08916,115873
20151209,1.08907,1.10427,1.08791,1.10243,140404
20151210,1.10238,1.10244,1.09256,1.09405,124563
20151211,1.09405,1.10307,1.09266,1.09808,142537
20151214,1.09834,1.10485,1.09455,1.09913,147939
20151215,1.09909,1.10596,1.09046,1.09283,136076
20151216,1.09286,1.10113,1.08879,1.0911,159115
20151217,1.09105,1.09138,1.08025,1.08254,133006
20151218,1.08252,1.08744,1.08048,1.08628,144246
20151221,1.08521,1.09388,1.0848,1.09138,108656
20151222,1.09137,1.0984,1.09024,1.09559,98836
20151223,1.09558,1.09569,1.08699,1.0911,81679
20151224,1.09109,1.09675,1.09035,1.09524,47939
20151228,1.09392,1.09925,1.09392,1.0967,60183
20151229,1.0967,1.09917,1.08992,1.09196,71094
20151230,1.09189,1.09437,1.09019,1.09318,75694
20151231,1.09314,1.09372,1.08529,1.08656,54048
20160104,1.08702,1.09464,1.07811,1.08295,130294
20160105,1.08296,1.08388,1.07106,1.07469,105307
20160106,1.07468,1.07995,1.07147,1.07802,125430
20160107,1.07798,1.09401,1.07711,1.09294,154091
20160108,1.09288,1.09335,1.08032,1.0919,161639
20160111,1.09191,1.09697,1.08476,1.08588,129673
20160112,1.08587,1.09001,1.08196,1.08565,125055
20160113,1.08565,1.08876,1.08048,1.08764,132919
20160114,1.08763,1.09431,1.08345,1.08643,153182
20160115,1.08639,1.09845,1.08544,1.09113,164930
20160118,1.09189,1.09277,1.0869,1.08908,96319
20160119,1.08908,1.09388,1.08592,1.09069,117881
20160120,1.09069,1.09759,1.08772,1.08883,157648
20160121,1.08889,1.09214,1.07778,1.08732,186306
20160122,1.08732,1.08765,1.07893,1.07895,135282
20160125,1.07913,1.08568,1.07892,1.0848,106454
20160126,1.08478,1.08742,1.08188,1.08692,106751
20160127,1.08692,1.09163,1.08507,1.08931,127170
20160128,1.08916,1.09675,1.08696,1.09388,122209
20160129,1.09388,1.09486,1.08099,1.08307,162222
20160201,1.0831,1.09127,1.08146,1.08878,107090
20160202,1.08878,1.09399,1.0884,1.09183,110252
20160203,1.09165,1.11454,1.09037,1.11029,163625
20160204,1.11029,1.12389,1.10694,1.12073,184162
20160205,1.12071,1.12462,1.11087,1.11529,159514
20160208,1.11433,1.12158,1.10864,1.11926,156621
20160209,1.11921,1.13378,1.11623,1.12923,206344
20160210,1.12904,1.13114,1.11603,1.12895,212964
20160211,1.12895,1.13763,1.12739,1.13223,251614
20160212,1.13223,1.13336,1.12141,1.12526,185370
20160215,1.12339,1.12496,1.11278,1.11546,125419
20160216,1.11533,1.11929,1.11241,1.11437,146519
20160217,1.11411,1.11791,1.11061,1.11266,147843
20160218,1.11267,1.11495,1.1071,1.11058,142073
20160219,1.11058,1.11391,1.10667,1.1126,139850
20160222,1.11166,1.11246,1.10032,1.10289,123487
20160223,1.10287,1.10526,1.099,1.1019,138577
20160224,1.10188,1.1046,1.09574,1.10129,160383
20160225,1.10126,1.105,1.09867,1.10176,140469
20160226,1.10177,1.10682,1.09116,1.09246,142330
20160229,1.09123,1.09624,1.08592,1.08724,128278
20160301,1.08725,1.08934,1.08341,1.08663,119618
20160302,1.08653,1.08809,1.08255,1.08681,110065
20160303,1.08683,1.09727,1.08536,1.09565,120535
20160304,1.09566,1.10433,1.09031,1.10028,145707
20160307,1.09906,1.10257,1.094,1.1014,109239
20160308,1.10134,1.10578,1.09935,1.10106,129319
20160309,1.10106,1.10347,1.09459,1.09991,122182
20160310,1.09986,1.12177,1.0822,1.11772,193874
20160311,1.11772,1.12096,1.10802,1.11528,150515
20160314,1.11361,1.11761,1.10778,1.11019,110894
20160315,1.11013,1.11249,1.10718,1.11087,114046
20160316,1.11084,1.12423,1.1058,1.12237,131635
20160317,1.12237,1.13424,1.12053,1.13179,154503
20160318,1.13178,1.13369,1.12559,1.12688,118262
20160321,1.12623,1.12847,1.12343,1.12415,101689
20160322,1.12413,1.12599,1.11883,1.12163,119284
20160323,1.12171,1.12233,1.11593,1.11813,102475
20160324,1.11813,1.11876,1.11441,1.11747,95909
20160325,1.11748,1.11808,1.11537,1.11623,36059
20160328,1.11619,1.12199,1.11529,1.11946,46863
20160329,1.11954,1.13032,1.11689,1.12903,124096
20160330,1.12902,1.13654,1.12835,1.1337,134951
20160331,1.13371,1.14119,1.13101,1.13786,132240
20160401,1.13784,1.14379,1.13348,1.13849,143663
20160404,1.14008,1.14126,1.13574,1.13886,107820
20160405,1.13891,1.14051,1.13359,1.13831,127939
20160406,1.13831,1.14316,1.13265,1.13989,133856
20160407,1.13989,1.14539,1.13375,1.13769,147128
20160408,1.1377,1.14192,1.13489,1.13953,116630
20160411,1.14163,1.14468,1.13722,1.14058,102535
20160412,1.14057,1.14647,1.13457,1.1386,116278
20160413,1.13861,1.13912,1.12682,1.12732,123657
20160414,1.12732,1.12947,1.12338,1.12674,115668
20160415,1.12674,1.1317,1.12457,1.12802,96592
20160418,1.13012,1.1332,1.12737,1.13122,98568
20160419,1.13115,1.13846,1.13034,1.13572,98749
20160420,1.13571,1.13878,1.12905,1.12961,105838
20160421,1.12961,1.13985,1.12698,1.1287,131313
20160422,1.12879,1.13086,1.12181,1.12285,121451
20160425,1.12176,1.12781,1.12176,1.12669,105186
20160426,1.12633,1.13395,1.12563,1.12953,109625
20160427,1.12972,1.13612,1.12718,1.13199,116290
20160428,1.13202,1.13678,1.12962,1.13514,142956
20160429,1.13514,1.14593,1.13471,1.14454,142047
20160502,1.14602,1.15359,1.14482,1.15339,108315
20160503,1.15343,1.16163,1.14956,1.14962,128070
20160504,1.14961,1.15294,1.14668,1.14862,131645
20160505,1.14863,1.14937,1.13858,1.14051,105628
20160506,1.14048,1.14796,1.13865,1.14032,118895
20160509,1.13954,1.14197,1.13753,1.13828,101414
20160510,1.13827,1.14098,1.13587,1.1372,99087
20160511,1.13718,1.14465,1.13689,1.1426,91298
20160512,1.1426,1.14291,1.13706,1.13756,96276
20160513,1.13757,1.13798,1.12829,1.1307,116359
20160516,1.13114,1.13422,1.13022,1.13192,81621
20160517,1.132,1.13487,1.13018,1.13123,91596
20160518,1.13124,1.13159,1.12141,1.12163,107862
20160519,1.12155,1.12298,1.11799,1.12026,106653
20160520,1.12026,1.12372,1.11962,1.1222,79950
20160523,1.12085,1.12428,1.11874,1.122,87082
20160524,1.122,1.12268,1.11324,1.11403,98966
20160525,1.11404,1.11668,1.11287,1.11547,92727
20160526,1.1155,1.12167,1.11495,1.11936,96996
20160527,1.11934,1.12006,1.11107,1.11107,90508
20160530,1.1113,1.11446,1.10979,1.11386,57290
20160531,1.11382,1.11734,1.11221,1.11315,102263
20160601,1.11313,1.11939,1.1114,1.11879,106805
20160602,1.11878,1.122,1.11452,1.11504,110465
20160603,1.11503,1.13736,1.11368,1.13662,137389
20160606,1.13559,1.13927,1.13258,1.13533,126202
20160607,1.13536,1.13804,1.13387,1.13565,103753
20160608,1.13567,1.14105,1.13544,1.1394,101212
20160609,1.13933,1.14154,1.13055,1.13171,111664
20160610,1.13164,1.13213,1.12453,1.12497,116948
20160613,1.12493,1.13029,1.1232,1.12906,122367
20160614,1.12907,1.12982,1.11888,1.12071,122623
20160615,1.12072,1.12984,1.11897,1.12597,122705
20160616,1.12597,1.12947,1.11308,1.12247,161133
20160617,1.12241,1.12962,1.12227,1.12739,121564
20160620,1.13311,1.13823,1.1302,1.13137,125692
20160621,1.13136,1.13494,1.12414,1.12419,112052
20160622,1.1242,1.13376,1.12366,1.12958,107664
20160623,1.12958,1.14212,1.12948,1.13847,133145
20160624,1.13847,1.1428,1.09118,1.10847,281003
20160627,1.10068,1.10834,1.09707,1.10249,198285
20160628,1.10247,1.11115,1.101,1.10633,139264
20160629,1.10633,1.11303,1.10492,1.11231,135087
20160630,1.11233,1.11544,1.10241,1.11063,154243
20160701,1.1106,1.11692,1.10719,1.11282,119947
20160704,1.1125,1.11595,1.10978,1.11532,69004
20160705,1.11525,1.11862,1.10621,1.10753,103761
20160706,1.10755,1.11114,1.10292,1.11005,136456
20160707,1.11004,1.11072,1.10525,1.10614,111454
20160708,1.10625,1.11203,1.10073,1.10476,111102
20160711,1.10498,1.10745,1.10156,1.10575,106038
20160712,1.10573,1.1126,1.1052,1.10601,115633
20160713,1.10602,1.11198,1.1042,1.10891,111930
20160714,1.10891,1.11648,1.10876,1.11184,123109
20160715,1.11187,1.11488,1.10245,1.10278,119050
20160718,1.10459,1.1084,1.10373,1.10749,92402
20160719,1.1075,1.10801,1.09998,1.10207,94037
20160720,1.10207,1.10302,1.09812,1.10133,93439
20160721,1.10132,1.10596,1.09797,1.10261,116056
20160722,1.10261,1.10409,1.09554,1.09748,97424
20160725,1.09709,1.09985,1.09518,1.09947,81885
20160726,1.09946,1.10297,1.09782,1.09864,89191
20160727,1.0986,1.10647,1.09613,1.10577,105839
20160728,1.10575,1.11195,1.10519,1.1077,102268
20160729,1.10776,1.11973,1.10728,1.11697,123146
20160801,1.11724,1.11836,1.11552,1.11609,81393
20160802,1.1161,1.12336,1.11582,1.12228,92275
20160803,1.12228,1.12269,1.11406,1.11486,79984
20160804,1.11482,1.11562,1.11137,1.11287,87862
20160805,1.11289,1.11612,1.10457,1.10807,80834
20160808,1.10797,1.11051,1.1072,1.10876,65971
20160809,1.10875,1.11225,1.10704,1.11161,76495
20160810,1.11169,1.11902,1.11125,1.11755,89468
20160811,1.11748,1.11914,1.11351,1.11369,84567
20160812,1.11367,1.12213,1.11311,1.11506,86252
20160815,1.11689,1.12037,1.11536,1.11828,70453
20160816,1.11828,1.13224,1.11773,1.12781,108743
20160817,1.12781,1.13158,1.12406,1.12889,101900
20160818,1.12889,1.13662,1.12842,1.13539,116306
20160819,1.13538,1.13597,1.1304,1.13192,100746
20160822,1.13093,1.13305,1.12709,1.13199,93699
20160823,1.13197,1.1355,1.13031,1.13046,88705
20160824,1.13043,1.13113,1.12451,1.1263,91631
20160825,1.12628,1.12974,1.12591,1.12838,73244
20160826,1.12826,1.13409,1.11809,1.11929,109874
20160829,1.11782,1.12077,1.11579,1.11885,89446
20160830,1.11884,1.11923,1.1132,1.11421,86040
20160831,1.11417,1.11654,1.11231,1.11574,92802
20160901,1.11574,1.12052,1.11275,1.11966,94062
20160902,1.11963,1.1252,1.11504,1.11519,103681
20160905,1.11578,1.11823,1.11397,1.11471,63112
20160906,1.11466,1.1263,1.11408,1.12552,96023
20160907,1.12551,1.12711,1.12289,1.12389,96991
20160908,1.12389,1.1327,1.12345,1.12597,112144
20160909,1.12593,1.12851,1.11984,1.12302,104191
20160912,1.12362,1.12682,1.12103,1.12342,114952
20160913,1.12342,1.12604,1.12039,1.12195,111789
20160914,1.12195,1.12739,1.12104,1.1249,98363
20160915,1.12488,1.12839,1.12191,1.12429,109708
20160916,1.12429,1.12497,1.11494,1.1156,99043
20160919,1.11529,1.11977,1.11506,1.11746,132419
20160920,1.11747,1.12134,1.11493,1.11523,149333
20160921,1.11523,1.11949,1.11229,1.11905,186274
20160922,1.11904,1.12573,1.11847,1.1207,155532
20160923,1.12068,1.12405,1.11937,1.12278,140072
20160926,1.12246,1.12789,1.12211,1.12522,140636
20160927,1.12525,1.12587,1.11909,1.12143,144360
20160928,1.12141,1.12367,1.11817,1.1217,144658
20160929,1.1217,1.12498,1.11968,1.12211,106643
20160930,1.12217,1.12505,1.11534,1.12376,128901
20161003,1.12319,1.12439,1.12051,1.12101,91279
20161004,1.12101,1.12386,1.1138,1.1203,116198
20161005,1.12021,1.12332,1.11897,1.12038,105610
20161006,1.12036,1.12124,1.11397,1.11496,94736
20161007,1.11493,1.12049,1.11043,1.11998,134968
20161010,1.11908,1.12028,1.11313,1.11374,98570
20161011,1.11374,1.11423,1.10489,1.1053,112025
20161012,1.1053,1.10677,1.10043,1.10055,123683
20161013,1.10058,1.10574,1.09855,1.10557,125789
20161014,1.10557,1.10583,1.09704,1.09722,115215
20161017,1.09696,1.10079,1.09636,1.09991,93084
20161018,1.09992,1.10263,1.09699,1.09801,97918
20161019,1.09803,1.10046,1.09551,1.09728,94916
20161020,1.09729,1.10393,1.09157,1.0929,106959
20161021,1.09287,1.09296,1.08593,1.08804,105069
20161024,1.08816,1.08994,1.08595,1.08804,84848
20161025,1.08808,1.09047,1.0851,1.08874,104182
20161026,1.08873,1.09464,1.08743,1.09081,99378
20161027,1.09077,1.0942,1.08824,1.08958,102082
20161028,1.08974,1.09916,1.08929,1.09843,108154
20161031,1.09853,1.09906,1.09357,1.09795,90154
20161101,1.09804,1.10689,1.09599,1.10549,97231
20161102,1.10541,1.11229,1.10495,1.10971,111377
20161103,1.10957,1.11258,1.10596,1.11043,102668
20161104,1.11059,1.11399,1.10796,1.11389,96615
20161107,1.10817,1.11102,1.10274,1.10394,105247
20161108,1.10395,1.10669,1.10087,1.10239,92226
20161109,1.10139,1.1298,1.09069,1.0909,211924
20161110,1.09091,1.09536,1.08648,1.08908,159809
20161111,1.08917,1.09233,1.08303,1.08597,147988
20161114,1.08372,1.08402,1.07088,1.07359,163918
20161115,1.07359,1.08163,1.07139,1.07196,134383
20161116,1.07196,1.07594,1.0666,1.06899,124147
20161117,1.069,1.07454,1.06197,1.06247,118589
20161118,1.0625,1.06427,1.05691,1.05885,138378
20161121,1.05919,1.06489,1.05784,1.06269,131685
20161122,1.06269,1.06577,1.05835,1.06258,120793
20161123,1.06269,1.06434,1.05258,1.0553,116239
20161124,1.05532,1.05852,1.05178,1.05522,110750
20161125,1.05498,1.06271,1.05382,1.05903,126252
20161128,1.06101,1.06851,1.05634,1.06131,141106
20161129,1.06126,1.06541,1.05647,1.06487,119433
20161130,1.06487,1.06663,1.05525,1.05872,127877
20161201,1.05878,1.06686,1.05844,1.066,131533
20161202,1.06597,1.06897,1.06251,1.06716,117197
20161205,1.05913,1.07961,1.05051,1.07626,150042
20161206,1.07628,1.07851,1.06982,1.07181,103003
20161207,1.07144,1.07682,1.07097,1.07519,91811
20161208,1.07523,1.08733,1.05972,1.06126,108726
20161209,1.06119,1.06295,1.05307,1.0557,103945
20161212,1.05383,1.06515,1.0525,1.06342,111319
20161213,1.06328,1.06668,1.06034,1.06232,106361
20161214,1.06232,1.06699,1.04964,1.05333,113271
20161215,1.05333,1.0539,1.03663,1.04124,143566
20161216,1.04122,1.04737,1.04005,1.04511,123706
20161219,1.04369,1.04793,1.03924,1.0401,107018
20161220,1.03997,1.04177,1.03521,1.0386,96497
20161221,1.03855,1.04508,1.03822,1.04231,97986
20161222,1.04218,1.04989,1.04214,1.04362,102748
20161223,1.04336,1.04684,1.04264,1.04559,75957
20161227,1.04543,1.0463,1.04319,1.04543,83386
20161228,1.04543,1.04795,1.0372,1.04086,97903
20161229,1.04107,1.04937,1.04075,1.04889,102370
20161230,1.04845,1.06518,1.04828,1.05173,131164
20170103,1.04569,1.049,1.03403,1.04048,117648
20170104,1.04049,1.04994,1.03897,1.04864,113909
20170105,1.04861,1.0615,1.04808,1.06053,122872
20170106,1.06033,1.06214,1.05248,1.05308,103628
20170109,1.05305,1.05827,1.05107,1.05725,100204
20170110,1.05725,1.06266,1.05507,1.05538,107457
20170111,1.05542,1.06226,1.04538,1.05818,117613
20170112,1.05818,1.06845,1.05713,1.06111,135972
20170113,1.06117,1.06732,1.05961,1.06391,111943
20170116,1.06279,1.06356,1.05793,1.05951,108896
20170117,1.05951,1.0719,1.05947,1.07123,125032
20170118,1.07125,1.07152,1.06283,1.0629,108563
20170119,1.0629,1.06765,1.0589,1.06632,116563
20170120,1.06631,1.07093,1.0625,1.07038,119825
20170123,1.06988,1.07692,1.0694,1.0764,129108
20170124,1.07641,1.07748,1.07203,1.07309,118068
20170125,1.07301,1.07695,1.07112,1.07459,116512
20170126,1.0746,1.07654,1.06575,1.06817,122629
20170127,1.06815,1.07248,1.06582,1.06965,107546
20170130,1.07143,1.07399,1.06201,1.06943,102217
20170131,1.06943,1.08121,1.06847,1.07968,140887
20170201,1.07968,1.08072,1.0733,1.07675,112559
20170202,1.07681,1.08287,1.07558,1.07568,126853
20170203,1.07571,1.07976,1.07115,1.07852,120353
20170206,1.07887,1.07906,1.07057,1.07491,114734
20170207,1.07491,1.07498,1.06559,1.0682,116486
20170208,1.06822,1.07139,1.06404,1.06973,109861
20170209,1.06976,1.07094,1.06508,1.06542,88183
20170210,1.06541,1.06675,1.06075,1.06376,91422
20170213,1.06353,1.06583,1.05919,1.05972,76830
20170214,1.05971,1.06332,1.05607,1.05766,75636
20170215,1.05766,1.0609,1.05211,1.05992,86122
20170216,1.05984,1.06791,1.05907,1.06737,79396
20170217,1.06737,1.06764,1.06053,1.06109,79771
20170220,1.06074,1.06327,1.06031,1.06103,68195
20170221,1.06103,1.06147,1.05258,1.05357,80036
20170222,1.05357,1.05738,1.04936,1.05573,104277
20170223,1.05571,1.0595,1.05374,1.05812,84845
20170224,1.05812,1.06177,1.05569,1.0557,83948
20170227,1.05625,1.06301,1.05517,1.05856,83008
20170228,1.05866,1.063,1.05698,1.05761,88374
20170301,1.05761,1.05892,1.05143,1.05462,108899
20170302,1.05463,1.05509,1.04948,1.05064,94094
20170303,1.05065,1.06237,1.05016,1.06191,91785
20170306,1.06073,1.06396,1.05745,1.05815,88567
20170307,1.05797,1.06015,1.05583,1.05654,74156
20170308,1.05653,1.05739,1.05348,1.05391,83282
20170309,1.05394,1.0615,1.05249,1.0576,91037
20170310,1.05756,1.06989,1.05722,1.06699,91111
20170313,1.06748,1.07141,1.06521,1.06531,82908
20170314,1.06531,1.06624,1.06004,1.06035,80533
20170315,1.06041,1.07398,1.06031,1.07336,89936
20170316,1.07338,1.07701,1.07056,1.0765,108368
20170317,1.0765,1.07821,1.07273,1.07364,86267
20170320,1.07375,1.07771,1.0725,1.07395,68009
20170321,1.07395,1.08189,1.07193,1.081,88656
20170322,1.08095,1.08244,1.07758,1.07967,90043
20170323,1.07965,1.08046,1.07678,1.07825,79001
20170324,1.07825,1.08179,1.07603,1.08039,76221
20170327,1.083,1.09053,1.08271,1.08639,78717
20170328,1.08637,1.08724,1.07988,1.08115,65538
20170329,1.08114,1.08262,1.07399,1.07645,79814
20170330,1.07652,1.07696,1.06719,1.0674,74146
20170331,1.06736,1.07015,1.06515,1.06579,74000
20170403,1.06614,1.06809,1.06423,1.06695,64282
20170404,1.06696,1.0677,1.06355,1.06728,59139
20170405,1.06721,1.06889,1.06349,1.0663,61516
20170406,1.06617,1.06838,1.0629,1.06435,63471
20170407,1.06435,1.06657,1.05805,1.05912,72406
20170410,1.0588,1.06064,1.05697,1.05956,55225
20170411,1.05951,1.06298,1.05786,1.06037,50201
20170412,1.06021,1.06748,1.05888,1.0664,50829
20170413,1.06642,1.06774,1.0609,1.06129,58828
20170414,1.06108,1.06295,1.06058,1.06102,181307
20170417,1.06141,1.06701,1.06027,1.06413,53300
20170418,1.06398,1.07357,1.06358,1.07287,74664
20170419,1.07286,1.0736,1.06997,1.07092,56354
20170420,1.07088,1.07774,1.0708,1.07155,54912
20170421,1.07159,1.07377,1.06821,1.07261,61337
20170424,1.08991,1.09043,1.08207,1.08675,90841
20170425,1.08677,1.09497,1.08512,1.09243,61487
20170426,1.09239,1.09504,1.08554,1.09033,69075
20170427,1.09014,1.09324,1.08515,1.08712,68172
20170428,1.08702,1.09471,1.08569,1.0899,70381
20170501,1.08903,1.09235,1.0884,1.08981,48814
20170502,1.0897,1.09329,1.08882,1.09285,54459
20170503,1.09272,1.09366,1.08826,1.08848,60332
20170504,1.08836,1.0987,1.08749,1.09826,65380
20170505,1.09825,1.09987,1.09498,1.09984,66026
20170508,1.10153,1.10166,1.09161,1.09236,75910
20170509,1.09236,1.09332,1.08633,1.08735,61739
20170510,1.08721,1.08977,1.08532,1.0867,62359
20170511,1.08669,1.08927,1.08389,1.08605,55621
20170512,1.08604,1.09338,1.08555,1.09312,56806
20170515,1.09318,1.09892,1.09224,1.09746,55873
20170516,1.09746,1.1097,1.09726,1.10824,65341
20170517,1.10803,1.1162,1.10789,1.11584,59516
20170518,1.11584,1.11717,1.10755,1.11028,90901
20170519,1.11028,1.12116,1.10958,1.12062,68134
20170522,1.12067,1.12633,1.11613,1.12368,60638
20170523,1.12368,1.12672,1.1175,1.11823,69313
20170524,1.11822,1.12197,1.11683,1.12181,63823
20170525,1.12185,1.12499,1.11935,1.12097,54954
20170526,1.12096,1.12345,1.11603,1.11775,53080
20170529,1.11698,1.11896,1.11616,1.11647,35245
20170530,1.11642,1.12046,1.11095,1.11858,55690
20170531,1.11858,1.12519,1.11644,1.1243,57793
20170601,1.1243,1.12565,1.1202,1.12122,50321
20170602,1.12119,1.12849,1.12048,1.12832,45443
20170605,1.12708,1.12835,1.12341,1.12538,44797
20170606,1.12539,1.12831,1.12402,1.1276,45940
20170607,1.1276,1.12816,1.12039,1.12554,49376
20170608,1.12554,1.12688,1.11955,1.12139,53490
20170609,1.12138,1.12357,1.11663,1.11959,62464
20170612,1.12043,1.12319,1.11917,1.1202,43206
20170613,1.1202,1.12245,1.11852,1.12105,40390
20170614,1.12105,1.12956,1.11928,1.12162,118412
20170615,1.12167,1.12283,1.11319,1.11435,59677
20170616,1.11434,1.12014,1.11383,1.11932,43551
20170619,1.12039,1.12124,1.1143,1.11482,44805
20170620,1.11483,1.11648,1.11187,1.11336,48730
20170621,1.11336,1.11688,1.11273,1.11675,47026
20170622,1.114,1.115,1.1138,1.1147,368
20170623,1.11499,1.12085,1.11448,1.11941,84557
20170626,1.11957,1.12196,1.11716,1.11804,56732
20170627,1.11808,1.13492,1.11685,1.13374,85483
20170628,1.13373,1.13905,1.12915,1.13767,101618
20170629,1.13767,1.14452,1.13741,1.14398,94977
20170630,1.14399,1.14451,1.13919,1.14193,91590
20170703,1.1415,1.14266,1.13549,1.13635,74145
20170704,1.13576,1.13766,1.13364,1.13422,71043
20170705,1.13418,1.13684,1.13124,1.13505,77854
20170706,1.13508,1.14246,1.13297,1.14223,90095
20170707,1.14229,1.14394,1.13795,1.13995,88431
20170710,1.13953,1.1418,1.13816,1.13988,75912
20170711,1.13988,1.14794,1.13825,1.14669,147629
20170712,1.14669,1.14892,1.13914,1.14108,185959
20170713,1.14107,1.14556,1.13701,1.13972,175888
20170714,1.13966,1.14714,1.13911,1.14668,155948
20170717,1.1473,1.14869,1.14345,1.14774,134566
20170718,1.14772,1.15828,1.14713,1.15536,213586
20170719,1.15536,1.15567,1.15096,1.15141,144848
20170720,1.15143,1.16572,1.14788,1.16292,228408
20170721,1.16293,1.16824,1.16188,1.16627,173301
20170724,1.16612,1.1684,1.16258,1.16402,158442
20170725,1.16397,1.17119,1.16305,1.16466,178542
20170726,1.16427,1.17396,1.16123,1.17324,204050
20170727,1.17323,1.17765,1.16498,1.16753,230269
20170728,1.16746,1.17638,1.1671,1.17504,201141
20170731,1.17463,1.18451,1.17228,1.18414,187003
20170801,1.18414,1.18438,1.17849,1.18006,189814
20170802,1.18007,1.19092,1.17933,1.1855,186284
20170803,1.18551,1.18929,1.18302,1.18684,177819
20170804,1.18685,1.18889,1.1728,1.17711,181292
20170807,1.17724,1.18139,1.17703,1.17948,134598
20170808,1.17934,1.18236,1.17148,1.17509,154984
20170809,1.17462,1.17635,1.16888,1.17583,195449
20170810,1.17584,1.17848,1.17037,1.17706,181187
20170811,1.17707,1.18466,1.17482,1.18227,172944
20170814,1.18191,1.18381,1.17696,1.17788,150471
20170815,1.17787,1.17925,1.16868,1.17339,175482
20170816,1.17338,1.17784,1.16814,1.17663,196540
20170817,1.17651,1.17897,1.16621,1.17226,217226
20170818,1.17225,1.17741,1.17081,1.17611,186613
20170821,1.17551,1.18279,1.17309,1.18144,131963
20170822,1.18139,1.1824,1.17449,1.17613,139148
20170823,1.17613,1.18229,1.17398,1.18066,144124
20170824,1.18066,1.18176,1.17838,1.17988,139421
20170825,1.17988,1.19413,1.1773,1.19201,192420
20170828,1.19424,1.19834,1.19165,1.19784,147013
20170829,1.19784,1.20698,1.19462,1.19714,259712
20170830,1.19714,1.19841,1.188,1.18824,210444
20170831,1.18825,1.19123,1.18227,1.19088,211624
20170901,1.19089,1.19793,1.18495,1.18629,223238
20170904,1.18832,1.19219,1.18732,1.18923,191631
20170905,1.18924,1.19404,1.1868,1.19119,206022
20170906,1.19118,1.19501,1.19025,1.19165,210201
20170907,1.19152,1.20591,1.19136,1.20211,249533
20170908,1.20214,1.20921,1.20143,1.20292,240678
20170911,1.20153,1.20292,1.19476,1.19519,160810
20170912,1.19518,1.1978,1.19259,1.19658,155269
20170913,1.19659,1.19946,1.18727,1.18848,161019
20170914,1.18837,1.19219,1.18374,1.19183,198008
20170915,1.19167,1.19873,1.19007,1.19472,211087
20170918,1.19184,1.19691,1.19147,1.19523,165767
20170919,1.19524,1.20063,1.19495,1.19933,200831
20170920,1.19934,1.20336,1.18609,1.18918,219415
20170921,1.18918,1.19534,1.18654,1.19407,209164
20170922,1.19397,1.20043,1.19363,1.19476,183757
20170925,1.18976,1.19362,1.18319,1.18463,193709
20170926,1.18464,1.18611,1.17573,1.17926,201132
20170927,1.17926,1.17951,1.17167,1.1744,195148
20170928,1.17441,1.18037,1.17208,1.17858,194733
20170929,1.17857,1.18321,1.17723,1.18164,177292
20171002,1.1789,1.18149,1.17298,1.17318,166349
20171003,1.173,1.17733,1.1696,1.17435,154546
20171004,1.17435,1.17875,1.17348,1.17586,152897
20171005,1.17585,1.17787,1.16988,1.17102,153221
20171006,1.17103,1.17386,1.16692,1.17342,185745
20171009,1.17273,1.17557,1.17192,1.17395,94577
20171010,1.17389,1.18251,1.17384,1.18074,165529
20171011,1.18068,1.18687,1.17949,1.18561,179379
20171012,1.18563,1.18793,1.18267,1.18286,148843
20171013,1.18293,1.18747,1.1805,1.18203,165950
20171016,1.18122,1.18193,1.17802,1.17951,135712
20171017,1.17953,1.17997,1.17358,1.17648,143291
20171018,1.17657,1.18051,1.17298,1.17864,144694
20171019,1.17859,1.18577,1.17675,1.18499,193851
20171020,1.18518,1.18577,1.17622,1.17802,195350
20171023,1.17641,1.17772,1.17247,1.1748,147090
20171024,1.17479,1.17925,1.17426,1.176,155760
20171025,1.17594,1.18174,1.17527,1.18114,209334
20171026,1.18117,1.18366,1.16398,1.16511,231785
20171027,1.16506,1.16562,1.15738,1.16069,191555
20171030,1.16091,1.16576,1.15931,1.16508,149929
20171031,1.16491,1.16609,1.16244,1.16452,138504
20171101,1.16445,1.16569,1.16059,1.1618,148091
20171102,1.16176,1.16869,1.16126,1.16578,169642
20171103,1.1657,1.16899,1.15987,1.16081,134732
20171106,1.16148,1.16237,1.15798,1.16085,135900
20171107,1.16087,1.16153,1.15538,1.15852,144379
20171108,1.15851,1.16108,1.15788,1.15942,129026
20171109,1.15943,1.16547,1.15853,1.16412,163255
20171110,1.16405,1.16777,1.16225,1.16644,133460
20171113,1.1654,1.1675,1.16371,1.16665,111484
20171114,1.16664,1.18047,1.16611,1.17972,139689
20171115,1.17971,1.18604,1.17844,1.179,172472
20171116,1.17898,1.18006,1.17566,1.1769,153037
20171117,1.1769,1.18214,1.1765,1.17864,160681
20171120,1.17846,1.18083,1.17219,1.1732,170407
20171121,1.1732,1.17575,1.1713,1.17374,122900
20171122,1.17374,1.18267,1.17318,1.18222,130138
20171123,1.18221,1.18557,1.18129,1.18483,92731
20171124,1.18483,1.19441,1.18364,1.19299,131259
20171127,1.19233,1.19609,1.18953,1.18976,136391
20171128,1.18977,1.19197,1.18268,1.18371,166435
20171129,1.18367,1.18826,1.18165,1.18463,161265
20171130,1.18464,1.19312,1.18087,1.19033,168694
20171201,1.19026,1.194,1.18507,1.1898,217336
20171204,1.186,1.18781,1.1829,1.18652,158592
20171205,1.18653,1.18765,1.18005,1.18249,142610
20171206,1.18247,1.18477,1.17803,1.17952,126726
20171207,1.1795,1.18143,1.17716,1.17722,121254
20171208,1.17715,1.17763,1.17299,1.17716,126761
20171211,1.17628,1.18115,1.17627,1.17682,110326
20171212,1.17682,1.17923,1.17172,1.17414,123863
20171213,1.17407,1.18313,1.17291,1.18254,138933
20171214,1.18255,1.18622,1.17705,1.1777,169950
20171215,1.17772,1.18122,1.17495,1.17504,148787
20171218,1.17417,1.18339,1.17373,1.17813,142822
20171219,1.17813,1.18487,1.17763,1.18382,162916
20171220,1.18382,1.19014,1.18286,1.18707,150877
20171221,1.18695,1.18893,1.1849,1.18737,158093
20171222,1.18729,1.18751,1.18169,1.18587,184726
20171225,1.18527,1.18763,1.18426,1.18675,2187
20171226,1.1867,1.188,1.18463,1.18575,75630
20171227,1.18576,1.191,1.18549,1.18862,132175
20171228,1.18862,1.19587,1.18858,1.19418,147537
20171229,1.19417,1.20252,1.19359,1.19971,140737
20180101,1.20055,1.20099,1.20035,1.20099,8
20180102,1.20095,1.20809,1.20021,1.20576,150419
20180103,1.20577,1.20659,1.20011,1.20139,133622
20180104,1.20139,1.20886,1.2004,1.20675,148757
20180105,1.20676,1.20826,1.202,1.20288,148264
20180108,1.20255,1.2052,1.19555,1.19663,128699
20180109,1.19662,1.19752,1.19153,1.1936,151816
20180110,1.19354,1.20175,1.19229,1.19471,203486
20180111,1.19472,1.20586,1.19289,1.20314,201740
20180112,1.20314,1.2218,1.20305,1.21944,231840
20180115,1.21913,1.22962,1.21872,1.22626,176564
20180116,1.22618,1.22829,1.21949,1.22596,223221
20180117,1.22596,1.23228,1.21768,1.21844,250385
20180118,1.21844,1.22646,1.21644,1.22372,207129
20180119,1.22371,1.22951,1.22144,1.22199,212785
20180122,1.22687,1.22715,1.22135,1.22612,159866
20180123,1.22605,1.23059,1.22228,1.22981,188448
20180124,1.2298,1.24146,1.22917,1.2407,229807
20180125,1.2407,1.25369,1.23638,1.23963,308225
20180126,1.23929,1.24933,1.23698,1.24235,243427
20180129,1.24246,1.2432,1.23367,1.2382,229893
20180130,1.23808,1.24535,1.23345,1.24015,225199
20180131,1.24017,1.24746,1.23865,1.24128,236055
20180201,1.24128,1.25224,1.23849,1.25074,211597
20180202,1.25075,1.25179,1.24093,1.24522,249671
20180205,1.24385,1.24746,1.23623,1.23663,242372
20180206,1.23657,1.24342,1.23136,1.23766,308622
20180207,1.23766,1.24058,1.22457,1.22624,200933
20180208,1.22623,1.22946,1.22119,1.22466,247473
20180209,1.22464,1.22868,1.22053,1.22495,252142
20180212,1.22521,1.22973,1.22348,1.22913,161325
20180213,1.2291,1.23707,1.22841,1.23498,168951
20180214,1.23496,1.24648,1.22756,1.24482,210011
20180215,1.24481,1.251,1.24476,1.25058,197482
20180216,1.25054,1.25552,1.23932,1.24091,213632
20180219,1.23997,1.24348,1.23688,1.24067,135829
20180220,1.24062,1.24119,1.23197,1.23369,170795
20180221,1.23371,1.23596,1.22807,1.22827,199394
20180222,1.22825,1.23518,1.22594,1.23304,184058
20180223,1.23283,1.2337,1.22795,1.22969,137320
20180226,1.2293,1.23548,1.22775,1.23165,153976
20180227,1.23166,1.23461,1.22212,1.22324,171701
20180228,1.22323,1.22411,1.21876,1.21932,156757
20180301,1.21934,1.22727,1.21544,1.22656,186284
20180302,1.22648,1.23356,1.22512,1.23216,183372
20180305,1.23335,1.23639,1.22687,1.23355,161657
20180306,1.23355,1.24199,1.23282,1.24035,146067
20180307,1.24034,1.24438,1.23845,1.24105,160457
20180308,1.24106,1.24458,1.22978,1.23102,168189
20180309,1.23097,1.23339,1.22728,1.23046,150564
20180312,1.23105,1.23452,1.22901,1.23344,118957
20180313,1.23343,1.24071,1.23142,1.23891,147514
20180314,1.23889,1.24122,1.23468,1.23672,140475
20180315,1.23671,1.23834,1.22999,1.23042,148728
20180316,1.23043,1.2336,1.22598,1.22893,134074
20180319,1.22823,1.23584,1.22578,1.23347,134744
20180320,1.23348,1.23543,1.22394,1.22411,159810
20180321,1.2241,1.23498,1.22397,1.23375,173106
20180322,1.23368,1.23879,1.22852,1.23015,189209
20180323,1.23013,1.2373,1.23002,1.23527,186041
20180326,1.23493,1.24614,1.23478,1.24433,146840
20180327,1.24429,1.24761,1.23723,1.2402,162586
20180328,1.24021,1.24214,1.22998,1.23082,166990
20180329,1.23078,1.23352,1.22836,1.23001,151754
20180330,1.23001,1.23303,1.22915,1.23268,60449
20180402,1.23212,1.23446,1.22817,1.23013,97343
20180403,1.23012,1.23355,1.22534,1.22703,159289
20180404,1.22702,1.23144,1.22566,1.22777,151071
20180405,1.22774,1.22899,1.2218,1.22395,145388
20180406,1.22395,1.22904,1.22149,1.22803,186441
20180409,1.22833,1.233,1.22601,1.23202,182690
20180410,1.23189,1.23773,1.23024,1.23553,194478
20180411,1.23551,1.23955,1.23467,1.2367,173761
20180412,1.23666,1.23795,1.22993,1.23261,170556
20180413,1.23261,1.23456,1.23067,1.233,154596
20180416,1.23248,1.23941,1.23239,1.23789,131218
20180417,1.23789,1.24134,1.23359,1.23693,140900
20180418,1.2369,1.23969,1.23413,1.23739,154456
20180419,1.23734,1.23999,1.23288,1.23451,170683
20180420,1.2345,1.23528,1.22497,1.22892,152054
20180423,1.22713,1.22891,1.21973,1.22081,143346
20180424,1.22071,1.22447,1.21815,1.22317,158094
20180425,1.22313,1.22384,1.21598,1.21603,142802
20180426,1.21605,1.22095,1.2096,1.2103,149488
20180427,1.21019,1.21325,1.20553,1.2129,161428
20180430,1.21227,1.21384,1.20641,1.20772,135290
20180501,1.2077,1.20837,1.1981,1.1992,134301
20180502,1.19922,1.20313,1.19375,1.19502,174243
20180503,1.19503,1.20084,1.19474,1.19878,166280
20180504,1.19875,1.19953,1.19112,1.19631,134107
20180507,1.19581,1.19776,1.18973,1.19216,109890
20180508,1.19217,1.19384,1.18378,1.18638,142821
20180509,1.18636,1.18966,1.18225,1.185,140918
20180510,1.18496,1.19461,1.18426,1.19144,153681
20180511,1.19143,1.19676,1.18909,1.19393,135856
20180514,1.19408,1.19958,1.19258,1.19263,134220
20180515,1.19262,1.1938,1.18199,1.18372,160586
20180516,1.18372,1.1854,1.17633,1.18068,178806
20180517,1.18068,1.18371,1.17764,1.17935,162074
20180518,1.17922,1.18218,1.17496,1.17693,134869
20180521,1.17698,1.17952,1.17163,1.1791,134668
20180522,1.17907,1.18296,1.17563,1.17782,156915
20180523,1.17779,1.17893,1.16756,1.16952,185012
20180524,1.16954,1.175,1.16904,1.1719,184084
20180525,1.1719,1.17332,1.16455,1.1651,182846
20180528,1.16838,1.1728,1.16071,1.16238,149486
20180529,1.16228,1.16394,1.15099,1.15393,215157
20180530,1.15393,1.16758,1.15184,1.16621,194106
20180531,1.16619,1.17239,1.16409,1.16915,189912
20180601,1.16897,1.17178,1.16168,1.16604,176164
20180604,1.16574,1.17443,1.16573,1.1698,149011
20180605,1.16982,1.17319,1.16523,1.1717,163849
20180606,1.17171,1.17954,1.17103,1.17733,139021
20180607,1.17733,1.18396,1.17724,1.17984,169471
20180608,1.17982,1.18101,1.17269,1.17707,167204
20180611,1.17738,1.18204,1.17708,1.17834,137799
20180612,1.17829,1.18087,1.17331,1.17446,159560
20180613,1.17445,1.18007,1.17253,1.17908,140127
20180614,1.17901,1.18518,1.1563,1.1568,163381
20180615,1.15672,1.16268,1.1543,1.16064,164619
20180618,1.15861,1.1624,1.15651,1.16223,131653
20180619,1.16224,1.16443,1.15307,1.15882,181115
20180620,1.15881,1.15997,1.15363,1.15738,143841
20180621,1.15738,1.16332,1.15078,1.16032,170215
20180622,1.16022,1.16747,1.15987,1.16574,164673
20180625,1.16647,1.17127,1.16283,1.17032,150416
20180626,1.1703,1.17204,1.16346,1.16467,163191
20180627,1.16463,1.1672,1.15403,1.15535,160036
20180628,1.15535,1.16003,1.15269,1.1568,163448
20180629,1.1568,1.16902,1.15579,1.16824,178546
20180702,1.16743,1.16908,1.15909,1.16387,144683
20180703,1.16388,1.16729,1.16202,1.16566,135352
20180704,1.16546,1.16814,1.16303,1.16554,97253
20180705,1.16548,1.17201,1.16496,1.16901,136875
20180706,1.169,1.17672,1.16797,1.17411,120811
20180709,1.17401,1.17905,1.17324,1.17501,130028
20180710,1.175,1.17624,1.16903,1.17437,122766
20180711,1.17436,1.17578,1.16651,1.16724,153910
20180712,1.16725,1.16954,1.16495,1.16706,137722
20180713,1.16706,1.16863,1.16127,1.16856,134804
20180716,1.16885,1.17251,1.16754,1.17106,121598
20180717,1.17105,1.17443,1.16493,1.16606,135451
20180718,1.16606,1.16646,1.16017,1.16384,138034
20180719,1.16377,1.16781,1.15747,1.16408,166084
20180720,1.16407,1.17384,1.1626,1.17203,163832
20180723,1.17256,1.17507,1.16834,1.16913,113956
20180724,1.16899,1.17166,1.16543,1.16871,121009
20180725,1.16862,1.17383,1.16637,1.17279,133399
20180726,1.17278,1.17433,1.16401,1.16422,130378
20180727,1.16422,1.16639,1.16201,1.16563,118972
20180730,1.16547,1.17185,1.16477,1.17048,90877
20180731,1.17031,1.17457,1.16837,1.16904,113423
20180801,1.16904,1.16993,1.1657,1.16587,50069
20180802,1.16587,1.16672,1.15817,1.15843,52525
20180803,1.15847,1.16102,1.15599,1.15657,50426
20180806,1.15675,1.15704,1.15298,1.1553,39133
20180807,1.1553,1.16079,1.15501,1.15979,40745
20180808,1.15978,1.16278,1.1573,1.16094,40916
20180809,1.16091,1.1619,1.15256,1.15263,44444
20180810,1.15251,1.1536,1.13878,1.14083,74515
20180813,1.13706,1.14325,1.13648,1.14093,67727
20180814,1.14094,1.14291,1.13297,1.13438,56652
20180815,1.13436,1.13545,1.13008,1.13445,57632
20180816,1.13445,1.14088,1.13356,1.13758,60257
20180817,1.13758,1.14445,1.13661,1.14417,52410
20180820,1.14374,1.14846,1.13941,1.148,43136
20180821,1.14792,1.16008,1.14792,1.15698,58920
20180822,1.15699,1.16226,1.15532,1.15958,53277
20180823,1.1595,1.15996,1.15296,1.15374,55387
20180824,1.15376,1.16395,1.15346,1.16211,52856
20180827,1.16137,1.16933,1.15943,1.16776,44400
20180828,1.16769,1.17332,1.16622,1.16935,54026
20180829,1.16928,1.17097,1.16518,1.17062,55605
20180830,1.17053,1.17179,1.16415,1.16704,55420
20180831,1.16704,1.16897,1.15842,1.16076,61369
20180903,1.15945,1.16276,1.15894,1.16174,41052
20180904,1.16176,1.1619,1.15299,1.15808,54511
20180905,1.15801,1.16396,1.15425,1.16292,59014
20180906,1.16289,1.16588,1.16052,1.1622,58106
20180907,1.16224,1.16491,1.15505,1.15536,58993
20180910,1.15487,1.16157,1.15261,1.15912,45764
20180911,1.15898,1.16437,1.15654,1.16044,47820
20180912,1.16044,1.16494,1.15698,1.16255,51171
20180913,1.16249,1.17007,1.16089,1.16898,50415
20180914,1.16897,1.17212,1.16204,1.16211,48494
20180917,1.16226,1.16979,1.16177,1.16815,40443
20180918,1.16813,1.17242,1.1652,1.1664,57297
20180919,1.16643,1.17146,1.165,1.16719,51842
20180920,1.16719,1.17841,1.16687,1.17763,59761
20180921,1.17765,1.18024,1.17326,1.17522,51745
20180924,1.17397,1.18149,1.1724,1.17471,45064
20180925,1.17471,1.17922,1.17307,1.17658,49712
20180926,1.17654,1.17976,1.17258,1.17369,56670
20180927,1.17357,1.17568,1.16389,1.16405,63917
20180928,1.16404,1.16509,1.15697,1.16028,59896
20181001,1.16157,1.16239,1.15633,1.15775,52131
20181002,1.15775,1.15799,1.15051,1.15478,57816
20181003,1.15482,1.15933,1.14641,1.14773,64746
20181004,1.14773,1.15425,1.14631,1.15138,64359
20181005,1.15129,1.15496,1.14837,1.15194,60273
20181008,1.15198,1.15292,1.14597,1.14907,47150
20181009,1.14909,1.15032,1.1432,1.14904,63053
20181010,1.14885,1.1545,1.14797,1.15184,60984
20181011,1.15182,1.1599,1.15179,1.15929,85484
20181012,1.15931,1.16101,1.1534,1.1558,62151
20181015,1.15411,1.16058,1.15408,1.15789,56808
20181016,1.1579,1.16214,1.15657,1.15737,56901
20181017,1.15733,1.15803,1.14958,1.14998,61818
20181018,1.14996,1.15269,1.14491,1.14526,66879
20181019,1.14525,1.15343,1.14328,1.15153,65134
20181022,1.15157,1.155,1.14556,1.14637,55239
20181023,1.14637,1.14931,1.14391,1.14698,64631
20181024,1.14709,1.14764,1.13788,1.13916,66143
20181025,1.13911,1.14324,1.13559,1.1374,63747
20181026,1.13739,1.14206,1.13354,1.14015,68392
20181029,1.13912,1.14161,1.13604,1.13724,58820
20181030,1.13719,1.13875,1.13402,1.13434,55661
20181031,1.13428,1.13598,1.1302,1.13113,58268
20181101,1.13119,1.14238,1.1307,1.1408,63299
20181102,1.14076,1.14555,1.13721,1.13878,65597
20181105,1.13866,1.14238,1.1353,1.14064,53587
20181106,1.14062,1.14375,1.13912,1.14255,55646
20181107,1.14255,1.14995,1.13948,1.14256,80333
20181108,1.1425,1.14463,1.13515,1.13626,66658
20181109,1.13627,1.13685,1.13162,1.13348,63913
20181112,1.13175,1.13304,1.12157,1.12172,62059
20181113,1.12171,1.12933,1.12164,1.12896,70119
20181114,1.12885,1.13471,1.12631,1.13081,77305
20181115,1.13071,1.13622,1.12704,1.13266,78637
20181116,1.13247,1.14198,1.13212,1.14169,65992
20181119,1.14122,1.14643,1.13937,1.14517,53962
20181120,1.14512,1.14721,1.13585,1.13693,60037
20181121,1.1369,1.14246,1.13634,1.13822,56085
20181122,1.13797,1.14338,1.13792,1.13999,44795
20181123,1.13995,1.14209,1.13272,1.13327,49363
20181126,1.13389,1.13834,1.13248,1.13272,52227
20181127,1.13267,1.13434,1.12773,1.12829,59424
20181128,1.12854,1.13871,1.1267,1.13655,60186
20181129,1.13655,1.14013,1.13485,1.13925,58765
20181130,1.13924,1.14001,1.13051,1.13151,56171
20181203,1.13497,1.13794,1.13192,1.13521,55779
20181204,1.13518,1.14184,1.13183,1.13411,64035
20181205,1.13403,1.1361,1.13105,1.13441,40361
20181206,1.13438,1.14122,1.13208,1.13691,68931
20181207,1.13686,1.14236,1.13601,1.14016,61943
20181210,1.13902,1.14424,1.13502,1.13545,65514
20181211,1.13547,1.14001,1.13061,1.1317,60279
20181212,1.13152,1.13869,1.13147,1.13677,61640
20181213,1.13677,1.13929,1.13309,1.13563,55298
20181214,1.13563,1.13647,1.12697,1.13002,53986
20181217,1.12997,1.13574,1.12997,1.13467,51256
20181218,1.13466,1.14021,1.13367,1.13596,55581
20181219,1.1359,1.14391,1.13586,1.13745,68054
20181220,1.13737,1.14853,1.13693,1.14454,74462
20181221,1.14448,1.14738,1.13559,1.13652,65282
20181224,1.13689,1.14382,1.13602,1.14045,53108
20181226,1.13843,1.14196,1.13427,1.13507,39685
20181227,1.13504,1.14538,1.13501,1.14282,75331
20181228,1.14284,1.14724,1.14233,1.14397,63805
20181231,1.14327,1.1467,1.14213,1.14627,45944
20190102,1.14595,1.14966,1.13249,1.13422,66906
20190103,1.13416,1.14108,1.13014,1.13923,80822
20190104,1.13919,1.14186,1.13455,1.13955,66777
20190107,1.13947,1.14822,1.13947,1.14735,53998
20190108,1.14742,1.14843,1.14218,1.144,55338
20190109,1.14406,1.15577,1.14367,1.15422,66075
20190110,1.1542,1.15695,1.14844,1.14992,65313
20190111,1.14991,1.15401,1.14578,1.14643,58672
20190114,1.14577,1.14817,1.14504,1.14672,51517
20190115,1.14673,1.14894,1.13818,1.14119,64331
20190116,1.14114,1.14245,1.13775,1.13907,55607
20190117,1.13907,1.14057,1.137,1.13878,58096
20190118,1.13878,1.141,1.1353,1.13637,53970
20190121,1.13596,1.13909,1.13565,1.13627,37344
20190122,1.1363,1.13735,1.13358,1.13589,52002
20190123,1.13589,1.13941,1.13507,1.13803,52471
20190124,1.13798,1.1391,1.12892,1.13007,65628
20190125,1.13007,1.14172,1.12992,1.14038,62051
20190128,1.14014,1.14433,1.13898,1.14257,45594
20190129,1.14247,1.14499,1.14109,1.14302,58560
20190130,1.14288,1.15014,1.14058,1.14784,61125
20190131,1.14779,1.15139,1.14353,1.14449,62435
20190201,1.14453,1.14882,1.14341,1.14538,54415
20190204,1.14504,1.14601,1.14241,1.14347,47161
20190205,1.14348,1.14401,1.14008,1.14043,45074
20190206,1.14037,1.1409,1.13587,1.13608,46200
20190207,1.13611,1.1368,1.13243,1.13384,48203
20190208,1.13385,1.13506,1.13208,1.13232,41630
20190211,1.13187,1.13296,1.12671,1.1275,43325
20190212,1.12745,1.13393,1.12574,1.13241,44634
20190213,1.13236,1.13411,1.12593,1.12593,45308
20190214,1.126,1.13095,1.12496,1.1294,50607
20190215,1.1294,1.13059,1.12338,1.12923,48452
20190218,1.1291,1.13336,1.12888,1.13077,35888
20190219,1.13076,1.1357,1.12752,1.13394,49575
20190220,1.13394,1.13708,1.13246,1.13354,49723
20190221,1.13341,1.13661,1.13205,1.13338,52178
20190222,1.13338,1.13554,1.13161,1.13318,44652
20190225,1.13334,1.13672,1.13276,1.13568,41005
20190226,1.13582,1.14023,1.13449,1.13881,46403
20190227,1.1388,1.14032,1.13621,1.13691,47798
20190228,1.13687,1.14193,1.13591,1.13705,52656
20190301,1.13696,1.14083,1.1353,1.13631,47086
20190304,1.13819,1.1382,1.13088,1.13391,43889
20190305,1.1339,1.13406,1.12893,1.13072,42385
20190306,1.13073,1.13243,1.12853,1.1306,40564
20190307,1.13057,1.132,1.11763,1.11933,50956
20190308,1.11934,1.12457,1.11848,1.12332,49924
20190311,1.123,1.12579,1.12215,1.12444,42453
20190312,1.12444,1.13047,1.12442,1.12868,52503
20190313,1.12869,1.13383,1.12772,1.13258,43790
20190314,1.13263,1.13373,1.12939,1.13024,48003
20190315,1.13016,1.1344,1.12964,1.13235,40423
20190318,1.13198,1.13586,1.13187,1.13329,36887
20190319,1.13331,1.13613,1.13319,1.1351,37606
20190320,1.13505,1.14476,1.13352,1.14128,49777
20190321,1.14127,1.14371,1.13423,1.13729,55015
20190322,1.1373,1.13904,1.12731,1.13,56019
20190325,1.12875,1.13311,1.12834,1.13117,46918
20190326,1.13117,1.13256,1.12629,1.12652,52199
20190327,1.12652,1.12852,1.12419,1.12433,57637
20190328,1.12432,1.12609,1.12134,1.12188,54659
20190329,1.12185,1.12462,1.12095,1.12175,53129
20190401,1.12243,1.12495,1.12038,1.12122,44400
20190402,1.12122,1.12156,1.11834,1.12039,46189
20190403,1.12037,1.12544,1.11998,1.12318,44823
20190404,1.12315,1.12473,1.12057,1.12193,41676
20190405,1.1219,1.12382,1.12098,1.12165,26933
20190408,1.12135,1.12741,1.121,1.12597,36991
20190409,1.12597,1.12839,1.12548,1.12617,40696
20190410,1.12618,1.12866,1.12293,1.12732,42838
20190411,1.12731,1.12871,1.12497,1.12516,37643
20190412,1.12507,1.13238,1.12507,1.12978,41226
20190415,1.13029,1.13207,1.12975,1.13032,35534
20190416,1.13027,1.13136,1.12795,1.12803,43969
20190417,1.12794,1.13235,1.12786,1.12936,40830
20190418,1.12924,1.13037,1.12259,1.1228,44540
20190419,1.12285,1.12473,1.12267,1.124,19353
20190422,1.12395,1.12617,1.12356,1.12566,18429
20190423,1.12565,1.12608,1.1192,1.12268,37581
20190424,1.12258,1.1226,1.11404,1.11537,46066
20190425,1.11533,1.11621,1.11176,1.11288,43613
20190426,1.1128,1.11737,1.11101,1.11472,43488
20190429,1.11445,1.11865,1.11445,1.11851,29901
20190430,1.11846,1.12287,1.11755,1.12139,41838
20190501,1.12143,1.12644,1.11868,1.11947,39100
20190502,1.11954,1.12187,1.11704,1.11709,45891
20190503,1.11728,1.12046,1.11348,1.12014,46596
20190506,1.11678,1.12091,1.11678,1.11972,43087
20190507,1.11963,1.12176,1.11665,1.11901,47088
20190508,1.11896,1.12133,1.11825,1.11904,47907
20190509,1.11897,1.12506,1.11733,1.12125,52049
20190510,1.12138,1.12533,1.12132,1.1234,48508
20190513,1.12336,1.12631,1.12211,1.12211,33116
20190514,1.12218,1.12436,1.1201,1.1203,31667
20190515,1.12032,1.12241,1.11778,1.12001,34125
20190516,1.11993,1.12237,1.11659,1.11728,30568
20190517,1.11724,1.11839,1.11549,1.11576,32013
20190520,1.11609,1.11745,1.11504,1.11651,27081
20190521,1.11654,1.11876,1.11417,1.1157,30826
20190522,1.11588,1.11803,1.11484,1.11496,27955
20190523,1.11503,1.11872,1.11071,1.11805,33103
20190524,1.11759,1.12119,1.11719,1.12047,29071
20190527,1.12093,1.12149,1.11867,1.11908,17342
20190528,1.11902,1.1198,1.11592,1.11594,30592
20190529,1.11608,1.11722,1.11242,1.11307,32935
20190530,1.1131,1.1143,1.1116,1.11286,27478
20190531,1.11287,1.11795,1.11249,1.11681,37531
20190603,1.11603,1.12617,1.11601,1.124,71122
20190604,1.12408,1.1277,1.12267,1.12511,38398
20190605,1.12501,1.13063,1.12196,1.12202,40498
20190606,1.12215,1.13087,1.12003,1.12752,39799
20190607,1.12764,1.13475,1.12512,1.13309,33656
20190610,1.13236,1.133,1.12899,1.1311,26969
20190611,1.13116,1.13373,1.13013,1.13257,33335
20190612,1.13263,1.13432,1.12824,1.12867,33438
20190613,1.12883,1.13035,1.12682,1.12756,30537
20190614,1.12767,1.1289,1.12023,1.12104,35647
20190617,1.1209,1.12466,1.12036,1.12178,25310
20190618,1.12189,1.12427,1.11813,1.11938,38290
20190619,1.11933,1.1254,1.11871,1.12253,33890
20190620,1.12267,1.13174,1.12263,1.12918,44189
20190621,1.12931,1.13776,1.12829,1.13683,43037
20190624,1.13734,1.14038,1.1371,1.13975,31219
20190625,1.13978,1.14119,1.13441,1.1365,43129
20190626,1.13651,1.13911,1.13474,1.1369,36840
20190627,1.13691,1.13813,1.13477,1.13689,29659
20190628,1.13689,1.13932,1.13504,1.13692,24548
20190701,1.1361,1.13708,1.12808,1.1285,27337
20190702,1.12855,1.13214,1.12751,1.12849,23454
20190703,1.12874,1.1311,1.12685,1.12771,25254
20190704,1.12769,1.1295,1.12732,1.12834,13899
20190705,1.12821,1.12875,1.12072,1.12259,22028
20190708,1.12212,1.12342,1.1207,1.12139,17927
20190709,1.12138,1.12186,1.11934,1.12075,19089
20190710,1.12074,1.12639,1.12017,1.12503,24409
20190711,1.12508,1.12855,1.12452,1.12517,24925
20190712,1.12529,1.12747,1.12381,1.12698,23308
20190715,1.12652,1.12837,1.12533,1.12575,18807
20190716,1.12576,1.12633,1.12017,1.121,22595
20190717,1.12099,1.12332,1.11996,1.12228,19415
20190718,1.12237,1.128,1.12052,1.12759,24307
20190719,1.12769,1.12818,1.12034,1.12198,24507
20190722,1.12161,1.12251,1.12059,1.12082,24376
20190723,1.12088,1.12092,1.11454,1.11507,24968
20190724,1.11509,1.11554,1.11267,1.11395,21853
20190725,1.11385,1.11874,1.11011,1.1146,19128
20190726,1.11457,1.11507,1.11118,1.11266,14477
20190729,1.11236,1.11505,1.11128,1.11442,13906
20190730,1.11447,1.11607,1.1132,1.1155,17311
20190731,1.11543,1.11617,1.10599,1.10745,22499
20190801,1.10769,1.10954,1.10266,1.10846,27659
20190802,1.10815,1.11161,1.10697,1.11049,28760
20190805,1.1102,1.12129,1.1102,1.12027,28275
20190806,1.12037,1.1249,1.11675,1.11994,28642
20190807,1.11998,1.12416,1.11788,1.11971,30153
20190808,1.1199,1.12316,1.11769,1.11795,24890
20190809,1.11833,1.12225,1.11776,1.12005,20571
20190812,1.11978,1.12302,1.11618,1.12129,22098
20190813,1.12133,1.12284,1.11703,1.11703,32985
20190814,1.11701,1.11903,1.11303,1.11364,32877
20190815,1.11369,1.1158,1.10913,1.11057,34097
20190816,1.11039,1.11115,1.1066,1.10888,28562
20190819,1.10915,1.11134,1.10757,1.10769,24634
20190820,1.10771,1.11064,1.10652,1.1098,25075
20190821,1.10986,1.11069,1.108,1.10839,48834
20190822,1.10842,1.11128,1.10632,1.10789,75493
20190823,1.10794,1.11528,1.10514,1.11447,74425
20190826,1.11479,1.11635,1.1094,1.10989,39264
20190827,1.11002,1.11157,1.10856,1.10894,32932
20190828,1.10897,1.10974,1.10729,1.10769,32546
20190829,1.10774,1.10933,1.10418,1.1056,34595
20190830,1.1056,1.10599,1.09627,1.09935,35764
20190902,1.09897,1.09964,1.09576,1.0967,77525
20190903,1.0966,1.09785,1.09257,1.09727,33741
20190904,1.09723,1.10382,1.09685,1.10342,30277
20190905,1.10338,1.10843,1.10166,1.10337,32015
20190906,1.1034,1.10528,1.102,1.10248,62800
20190909,1.10259,1.10677,1.10152,1.10465,24949
20190910,1.10455,1.10592,1.10304,1.10425,25388
20190911,1.10413,1.10553,1.09849,1.10096,25599
20190912,1.10085,1.10868,1.09263,1.10624,47808
20190913,1.10636,1.11092,1.10552,1.10758,32606
20190916,1.10734,1.10861,1.09931,1.09994,66538
20190917,1.09983,1.10744,1.09901,1.10717,68459
20190918,1.10704,1.10754,1.10135,1.10294,68238
20190919,1.1028,1.10733,1.10228,1.10404,68461
20190920,1.10402,1.10674,1.09961,1.10194,65510
20190923,1.10118,1.10253,1.0966,1.09929,66662
20190924,1.09935,1.10239,1.09837,1.10197,65656
20190925,1.10189,1.10214,1.09373,1.09418,68491
20190926,1.09416,1.09673,1.09085,1.09198,69948
20190927,1.0919,1.09585,1.09044,1.09409,60715
20190930,1.09405,1.09477,1.08853,1.0898,58563
20191001,1.08986,1.08999,1.08965,1.08995,1586
